{
  "experiment_type": "external_uci",
  "model": "lr",
  "variant": "intercept_only",
  "split_mode": "holdout",
  "n_calibration": 151,
  "n_evaluation": 152,
  "metrics_before": {
    "brier_score": 0.4829175221017871,
    "ece": 0.4864416431812253,
    "mce": 0.48644164318122535,
    "bin_details": [
      {
        "lo": 0.9,
        "hi": 1.0,
        "acc": 0.4473684210526316,
        "conf": 0.9338100642338569,
        "n": 152
      }
    ],
    "calibration_curve": {
      "fraction_pos": [
        0.4473684210526316
      ],
      "mean_predicted": [
        0.933810064233857
      ]
    }
  },
  "metrics_after": {
    "brier_score": 0.47530085561879076,
    "ece": 0.4786542648429104,
    "mce": 0.47865426484291035,
    "bin_details": [
      {
        "lo": 0.9,
        "hi": 1.0,
        "acc": 0.4473684210526316,
        "conf": 0.9260226858955419,
        "n": 152
      }
    ],
    "calibration_curve": {
      "fraction_pos": [
        0.4473684210526316
      ],
      "mean_predicted": [
        0.9260226858955419
      ]
    }
  },
  "improvement": {
    "brier_delta": 0.007616666482996359,
    "ece_delta": 0.007787378338314888,
    "mce_delta": 0.007787378338314999
  },
  "per_fold_params": [
    {
      "intercept": -0.11961326830131495,
      "slope": 1.0
    }
  ],
  "mean_params": {
    "intercept": -0.11961326830131495,
    "slope": 1.0
  },
  "train_sites": [
    "switzerland"
  ],
  "test_site": "cleveland"
}