{
  "train_sites": [
    "hungary",
    "va",
    "switzerland"
  ],
  "test_site": "cleveland",
  "model": "lgbm",
  "experiment_type": "external_uci",
  "n_train": 617,
  "n_test": 303,
  "K": 20,
  "metrics_mean": {
    "accuracy": 0.6651815181518153,
    "brier_score": 0.28102330009514626,
    "ece": 0.27218260066707367,
    "f1": 0.7117096135469428,
    "mce": 0.5368052861244202,
    "n_test": 303.0,
    "pr_auc": 0.7692790051368491,
    "precision": 0.5918261799407086,
    "prevalence": 0.45874587458745875,
    "recall": 0.8985611510791367,
    "roc_auc": 0.8044920161431831,
    "specificity": 0.46737804878048783
  },
  "metrics_std": {
    "accuracy": 0.03612911454701751,
    "brier_score": 0.03922878756541552,
    "ece": 0.0511028892136458,
    "f1": 0.01703300820860458,
    "mce": 0.11064477635823189,
    "n_test": 0.0,
    "pr_auc": 0.028675546430020078,
    "precision": 0.0351822930418851,
    "prevalence": 0.0,
    "recall": 0.050218875930152944,
    "roc_auc": 0.02151465552198468,
    "specificity": 0.1000030330796479
  }
}