{
  "train_sites": [
    "hungary",
    "va",
    "switzerland"
  ],
  "test_site": "cleveland",
  "model": "rf",
  "experiment_type": "external_uci",
  "n_train": 617,
  "n_test": 303,
  "K": 20,
  "metrics_mean": {
    "accuracy": 0.5577557755775577,
    "brier_score": 0.2739228969563623,
    "ece": 0.28768866886688677,
    "f1": 0.6681079822833411,
    "mce": 0.4957677374478552,
    "n_test": 303.0,
    "pr_auc": 0.7817089513247648,
    "precision": 0.5120321540668841,
    "prevalence": 0.45874587458745875,
    "recall": 0.9651079136690649,
    "roc_auc": 0.8163000087734691,
    "specificity": 0.2125
  },
  "metrics_std": {
    "accuracy": 0.05563876108406104,
    "brier_score": 0.03153265630896834,
    "ece": 0.041240523787896034,
    "f1": 0.023562001093782422,
    "mce": 0.0633209672590278,
    "n_test": 0.0,
    "pr_auc": 0.022174134353979365,
    "precision": 0.03220603299238511,
    "prevalence": 0.0,
    "recall": 0.0211717785413429,
    "roc_auc": 0.01760907044383699,
    "specificity": 0.11876905721109554
  }
}