{
  "train_sites": [
    "hungary",
    "va",
    "switzerland"
  ],
  "test_site": "cleveland",
  "model": "xgb",
  "experiment_type": "external_uci",
  "n_train": 617,
  "n_test": 303,
  "K": 20,
  "metrics_mean": {
    "accuracy": 0.6326732673267326,
    "brier_score": 0.30133883729577066,
    "ece": 0.3023737273778361,
    "f1": 0.7002030148809619,
    "mce": 0.5606567232399443,
    "n_test": 303.0,
    "pr_auc": 0.7620965794710294,
    "precision": 0.5641512872865646,
    "prevalence": 0.45874587458745875,
    "recall": 0.9302158273381294,
    "roc_auc": 0.7983396209861379,
    "specificity": 0.3804878048780488
  },
  "metrics_std": {
    "accuracy": 0.049174975780835656,
    "brier_score": 0.04786545598726468,
    "ece": 0.06337312201039741,
    "f1": 0.02179843448952017,
    "mce": 0.07005431057881037,
    "n_test": 0.0,
    "pr_auc": 0.03945254860308777,
    "precision": 0.04029840367687785,
    "prevalence": 0.0,
    "recall": 0.04726811481271398,
    "roc_auc": 0.026092101238702065,
    "specificity": 0.12253390960505448
  }
}