{
  "experiment_type": "external_uci",
  "train_sites": [
    "switzerland"
  ],
  "test_site": "va",
  "model": "rf",
  "features_used": [
    "age",
    "sex",
    "cp",
    "trestbps",
    "exang",
    "oldpeak"
  ],
  "n_train": 123,
  "n_test": 200,
  "best_params": {
    "max_depth": 5,
    "min_samples_leaf": 5
  },
  "metrics": {
    "roc_auc": 0.6070535596789052,
    "pr_auc": 0.7912730825811887,
    "brier_score": 0.19313534291716614,
    "accuracy": 0.705,
    "f1": 0.8102893890675241,
    "precision": 0.7777777777777778,
    "recall": 0.8456375838926175,
    "specificity": 0.29411764705882354,
    "confusion_matrix": [
      [
        15,
        36
      ],
      [
        23,
        126
      ]
    ],
    "n_test": 200,
    "prevalence": 0.745,
    "ece": 0.12352258068397644,
    "mce": 0.24575465506006855
  },
  "bootstrap_cis": {
    "roc_auc": {
      "point": 0.6070535596789052,
      "ci_lower": 0.5146779551019426,
      "ci_upper": 0.697408700778376
    },
    "pr_auc": {
      "point": 0.7912730825811887,
      "ci_lower": 0.7199309533089184,
      "ci_upper": 0.8678080864379825
    },
    "brier_score": {
      "point": 0.19313534291716614,
      "ci_lower": 0.1603812215199789,
      "ci_upper": 0.226872873781385
    },
    "accuracy": {
      "point": 0.705,
      "ci_lower": 0.64,
      "ci_upper": 0.77
    },
    "ece": {
      "point": 0.12352258068397644,
      "ci_lower": 0.08723916807509244,
      "ci_upper": 0.18490763723792975
    }
  }
}