{
  "experiment_type": "external_kaggle_uci",
  "variant": "cfs_plus_chol",
  "train_site": "kaggle",
  "test_site": "cleveland",
  "model": "xgb",
  "features_used": [
    "age",
    "sex",
    "sys_bp",
    "cholesterol"
  ],
  "include_cholesterol": true,
  "n_train": 68726,
  "n_test": 303,
  "best_params": {
    "subsample": 1.0,
    "max_depth": 3,
    "learning_rate": 0.05
  },
  "metrics": {
    "roc_auc": 0.582536409896473,
    "pr_auc": 0.5086233964131693,
    "brier_score": 0.2996743321418762,
    "accuracy": 0.528052805280528,
    "f1": 0.6103542234332425,
    "precision": 0.49122807017543857,
    "recall": 0.8057553956834532,
    "specificity": 0.2926829268292683,
    "confusion_matrix": [
      [
        48,
        116
      ],
      [
        27,
        112
      ]
    ],
    "n_test": 303,
    "prevalence": 0.45874587458745875,
    "ece": 0.23427301527249933,
    "mce": 0.7072202444076539
  },
  "bootstrap_cis": {
    "roc_auc": {
      "point": 0.582536409896473,
      "ci_lower": 0.5080907777872126,
      "ci_upper": 0.637686256280989
    },
    "pr_auc": {
      "point": 0.5086233964131693,
      "ci_lower": 0.4362444823183012,
      "ci_upper": 0.5869523641473384
    },
    "brier_score": {
      "point": 0.2996743321418762,
      "ci_lower": 0.2725916340947151,
      "ci_upper": 0.3304022841155529
    },
    "accuracy": {
      "point": 0.528052805280528,
      "ci_lower": 0.46361386138613864,
      "ci_upper": 0.5775577557755776
    },
    "ece": {
      "point": 0.23427301527249933,
      "ci_lower": 0.19059337510576738,
      "ci_upper": 0.295917128092262
    }
  }
}