{
  "train_sites": [
    "cleveland",
    "hungary",
    "switzerland"
  ],
  "test_site": "va",
  "model": "lr",
  "experiment_type": "external_uci",
  "n_train": 720,
  "n_test": 200,
  "K": 20,
  "metrics_mean": {
    "accuracy": 0.6980000000000001,
    "brier_score": 0.20027754052799313,
    "ece": 0.14704085683562088,
    "f1": 0.7846400216564972,
    "mce": 0.4371153772006965,
    "n_test": 200.0,
    "pr_auc": 0.8827828670612666,
    "precision": 0.8325630611552585,
    "prevalence": 0.7449999999999999,
    "recall": 0.746979865771812,
    "roc_auc": 0.7396861429135413,
    "specificity": 0.5549019607843138
  },
  "metrics_std": {
    "accuracy": 0.03294333252563766,
    "brier_score": 0.027977126358897875,
    "ece": 0.04459250078168163,
    "f1": 0.03614750057987652,
    "mce": 0.09002158955412103,
    "n_test": 0.0,
    "pr_auc": 0.008005153743521487,
    "precision": 0.018359225459729598,
    "prevalence": 1.1390647892519134e-16,
    "recall": 0.07577778925733072,
    "roc_auc": 0.014706308450291486,
    "specificity": 0.09649978163331943
  }
}