{
  "train_sites": [
    "cleveland",
    "hungary",
    "switzerland"
  ],
  "test_site": "va",
  "model": "rf",
  "experiment_type": "external_uci",
  "n_train": 720,
  "n_test": 200,
  "K": 20,
  "metrics_mean": {
    "accuracy": 0.7057499999999999,
    "brier_score": 0.19216755833333335,
    "ece": 0.14024083333333331,
    "f1": 0.791636957811791,
    "mce": 0.4083410923262896,
    "n_test": 200.0,
    "pr_auc": 0.8765069324349157,
    "precision": 0.8342197171345666,
    "prevalence": 0.7449999999999999,
    "recall": 0.7580536912751678,
    "roc_auc": 0.7303592577970787,
    "specificity": 0.5529411764705883
  },
  "metrics_std": {
    "accuracy": 0.03419275854390963,
    "brier_score": 0.014937252452289074,
    "ece": 0.040189679101562244,
    "f1": 0.03481114641700938,
    "mce": 0.07405357169506198,
    "n_test": 0.0,
    "pr_auc": 0.009483115441046313,
    "precision": 0.024814102793115897,
    "prevalence": 1.1390647892519134e-16,
    "recall": 0.07388889735066945,
    "roc_auc": 0.014597806925639532,
    "specificity": 0.11066301111746313
  }
}