{
  "experiment_type": "external_uci",
  "model": "lgbm",
  "variant": "intercept_slope",
  "split_mode": "holdout",
  "n_calibration": 100,
  "n_evaluation": 100,
  "metrics_before": {
    "brier_score": 0.3015059402523087,
    "ece": 0.2875103616458973,
    "mce": 0.42991825172490433,
    "bin_details": [
      {
        "lo": 0.6000000000000001,
        "hi": 0.7000000000000001,
        "acc": 0.3333333333333333,
        "conf": 0.6533087548269974,
        "n": 3
      },
      {
        "lo": 0.7000000000000001,
        "hi": 0.8,
        "acc": 0.3333333333333333,
        "conf": 0.7632515850582376,
        "n": 6
      },
      {
        "lo": 0.8,
        "hi": 0.9,
        "acc": 0.5714285714285714,
        "conf": 0.8478753042728727,
        "n": 7
      },
      {
        "lo": 0.9,
        "hi": 1.0,
        "acc": 0.6904761904761905,
        "conf": 0.9675770626172524,
        "n": 84
      }
    ],
    "calibration_curve": {
      "fraction_pos": [
        0.3333333333333333,
        0.3333333333333333,
        0.5714285714285714,
        0.6904761904761905
      ],
      "mean_predicted": [
        0.6533087548269974,
        0.7632515850582376,
        0.8478753042728727,
        0.9675770626172527
      ]
    }
  },
  "metrics_after": {
    "brier_score": 0.26472056717555054,
    "ece": 0.19087194029472954,
    "mce": 0.19087194029472954,
    "bin_details": [
      {
        "lo": 0.8,
        "hi": 0.9,
        "acc": 0.65,
        "conf": 0.8408719402947296,
        "n": 100
      }
    ],
    "calibration_curve": {
      "fraction_pos": [
        0.65
      ],
      "mean_predicted": [
        0.8408719402947296
      ]
    }
  },
  "improvement": {
    "brier_delta": 0.036785373076758165,
    "ece_delta": 0.09663842135116779,
    "mce_delta": 0.2390463114301748
  },
  "per_fold_params": [
    {
      "intercept": 1.7955863718399574,
      "slope": -0.038194016709926275
    }
  ],
  "mean_params": {
    "intercept": 1.7955863718399574,
    "slope": -0.038194016709926275
  },
  "train_sites": [
    "switzerland"
  ],
  "test_site": "va"
}