{
  "experiment_type": "external_kaggle_uci",
  "variant": "cfs",
  "train_site": "kaggle",
  "test_site": "hungary",
  "model": "lr",
  "features_used": [
    "age",
    "sex",
    "sys_bp"
  ],
  "include_cholesterol": false,
  "n_train": 68726,
  "n_test": 294,
  "best_params": {
    "C": 1
  },
  "metrics": {
    "roc_auc": 0.6055299076676033,
    "pr_auc": 0.4751138387257057,
    "brier_score": 0.2710322216502618,
    "accuracy": 0.5782312925170068,
    "f1": 0.5079365079365079,
    "precision": 0.4383561643835616,
    "recall": 0.6037735849056604,
    "specificity": 0.5638297872340425,
    "confusion_matrix": [
      [
        106,
        82
      ],
      [
        42,
        64
      ]
    ],
    "n_test": 294,
    "prevalence": 0.36054421768707484,
    "ece": 0.20502947510071542,
    "mce": 0.502046036241236
  },
  "bootstrap_cis": {
    "roc_auc": {
      "point": 0.6055299076676033,
      "ci_lower": 0.5426360911677007,
      "ci_upper": 0.6782707673446623
    },
    "pr_auc": {
      "point": 0.4751138387257057,
      "ci_lower": 0.3956171371912364,
      "ci_upper": 0.5768487214173379
    },
    "brier_score": {
      "point": 0.2710322216502618,
      "ci_lower": 0.24105753343909378,
      "ci_upper": 0.2966739015115359
    },
    "accuracy": {
      "point": 0.5782312925170068,
      "ci_lower": 0.5238095238095238,
      "ci_upper": 0.6428571428571429
    },
    "ece": {
      "point": 0.20502947510071542,
      "ci_lower": 0.16437523847206562,
      "ci_upper": 0.2616782873084617
    }
  },
  "timestamp": "2026-03-01T23:07:59Z",
  "config_hash": "93bf3a3395d35eb1"
}