{
  "experiment_type": "external_uci",
  "train_sites": [
    "hungary"
  ],
  "test_site": "va",
  "model": "lgbm",
  "features_used": [
    "age",
    "sex",
    "cp",
    "trestbps",
    "chol",
    "thalach",
    "exang",
    "oldpeak"
  ],
  "n_train": 294,
  "n_test": 200,
  "best_params": {
    "learning_rate": 0.01,
    "max_depth": 3,
    "num_leaves": 15
  },
  "metrics": {
    "roc_auc": 0.7268061587050928,
    "pr_auc": 0.864971184137282,
    "brier_score": 0.2256328062996535,
    "accuracy": 0.625,
    "f1": 0.6938775510204082,
    "precision": 0.8854166666666666,
    "recall": 0.5704697986577181,
    "specificity": 0.7843137254901961,
    "confusion_matrix": [
      [
        40,
        11
      ],
      [
        64,
        85
      ]
    ],
    "n_test": 200,
    "prevalence": 0.745,
    "ece": 0.23383870258336104,
    "mce": 0.42931074173969147
  },
  "bootstrap_cis": {
    "roc_auc": {
      "point": 0.7268061587050928,
      "ci_lower": 0.6421263534928373,
      "ci_upper": 0.8049339982376522
    },
    "pr_auc": {
      "point": 0.864971184137282,
      "ci_lower": 0.802036341474268,
      "ci_upper": 0.928766607281534
    },
    "brier_score": {
      "point": 0.2256328062996535,
      "ci_lower": 0.1963727679926159,
      "ci_upper": 0.2587726299879668
    },
    "accuracy": {
      "point": 0.625,
      "ci_lower": 0.555,
      "ci_upper": 0.69
    },
    "ece": {
      "point": 0.23383870258336104,
      "ci_lower": 0.18478708711452818,
      "ci_upper": 0.29648756819373484
    }
  }
}