{
  "experiment_type": "internal",
  "site": "kaggle",
  "model": "rf",
  "features_used": [
    "age",
    "sex",
    "height",
    "weight",
    "sys_bp",
    "dia_bp",
    "cholesterol",
    "gluc",
    "smoke",
    "alco",
    "active"
  ],
  "n_train": 54980,
  "n_test": 13746,
  "best_params": {
    "max_depth": 10,
    "min_samples_leaf": 5
  },
  "metrics": {
    "roc_auc": 0.7960059640758118,
    "pr_auc": 0.780122984150358,
    "brier_score": 0.18289216767522937,
    "accuracy": 0.7295940637276298,
    "f1": 0.7134376686454398,
    "precision": 0.7497974396370118,
    "recall": 0.6804411764705882,
    "specificity": 0.7777137921105672,
    "confusion_matrix": [
      [
        5402,
        1544
      ],
      [
        2173,
        4627
      ]
    ],
    "n_test": 13746,
    "prevalence": 0.49468936417867015,
    "ece": 0.01197610312062708,
    "mce": 0.15317936383290753
  },
  "bootstrap_cis": {
    "roc_auc": {
      "point": 0.7960059640758118,
      "ci_lower": 0.7883156370704655,
      "ci_upper": 0.802762266839408
    },
    "pr_auc": {
      "point": 0.780122984150358,
      "ci_lower": 0.7678674442601057,
      "ci_upper": 0.789911575799229
    },
    "brier_score": {
      "point": 0.18289216767522937,
      "ci_lower": 0.17981076626057965,
      "ci_upper": 0.18626470905396741
    },
    "accuracy": {
      "point": 0.7295940637276298,
      "ci_lower": 0.7225265531791066,
      "ci_upper": 0.7381056307289393
    },
    "ece": {
      "point": 0.01197610312062708,
      "ci_lower": 0.008722030908047816,
      "ci_upper": 0.020067944224546493
    }
  },
  "timestamp": "2026-03-01T22:54:21Z",
  "config_hash": "93bf3a3395d35eb1"
}