{
  "experiment_type": "external_uci",
  "train_sites": [
    "switzerland"
  ],
  "test_site": "cleveland",
  "model": "lr",
  "features_used": [
    "age",
    "sex",
    "cp",
    "trestbps",
    "exang",
    "oldpeak"
  ],
  "n_train": 123,
  "n_test": 303,
  "best_params": {
    "C": 0.001
  },
  "metrics": {
    "roc_auc": 0.801851201965257,
    "pr_auc": 0.7819572826766235,
    "brier_score": 0.472975315438141,
    "accuracy": 0.45874587458745875,
    "f1": 0.6289592760180995,
    "precision": 0.45874587458745875,
    "recall": 1.0,
    "specificity": 0.0,
    "confusion_matrix": [
      [
        0,
        164
      ],
      [
        0,
        139
      ]
    ],
    "n_test": 303,
    "prevalence": 0.45874587458745875,
    "ece": 0.47509759986491096,
    "mce": 0.47509759986491096
  },
  "bootstrap_cis": {
    "roc_auc": {
      "point": 0.801851201965257,
      "ci_lower": 0.7521949525812467,
      "ci_upper": 0.8510929907599091
    },
    "pr_auc": {
      "point": 0.7819572826766235,
      "ci_lower": 0.7020358062723633,
      "ci_upper": 0.8568837301902814
    },
    "brier_score": {
      "point": 0.472975315438141,
      "ci_lower": 0.42448740224611503,
      "ci_upper": 0.5188156095871315
    },
    "accuracy": {
      "point": 0.45874587458745875,
      "ci_lower": 0.40594059405940597,
      "ci_upper": 0.5148514851485149
    },
    "ece": {
      "point": 0.47509759986491096,
      "ci_lower": 0.4191368118511519,
      "ci_upper": 0.5278198569765481
    }
  },
  "timestamp": "2026-03-01T23:03:28Z",
  "config_hash": "93bf3a3395d35eb1"
}