{
  "train_sites": [
    "cleveland",
    "hungary",
    "va"
  ],
  "test_site": "switzerland",
  "model": "lr",
  "experiment_type": "external_uci",
  "n_train": 797,
  "n_test": 123,
  "K": 20,
  "metrics_mean": {
    "accuracy": 0.7361788617886179,
    "brier_score": 0.18786290471239275,
    "ece": 0.28818563322390556,
    "f1": 0.8387358558019422,
    "mce": 0.7378498368157483,
    "n_test": 123.0,
    "pr_auc": 0.9647268014414419,
    "precision": 0.9668379379470089,
    "prevalence": 0.9349593495934958,
    "recall": 0.7430434782608695,
    "roc_auc": 0.7179891304347826,
    "specificity": 0.6375
  },
  "metrics_std": {
    "accuracy": 0.06506605195029871,
    "brier_score": 0.03606928143526307,
    "ece": 0.039647538571898434,
    "f1": 0.04633900315326051,
    "mce": 0.07103071933207414,
    "n_test": 0.0,
    "pr_auc": 0.007776969474244818,
    "precision": 0.005110921633918276,
    "prevalence": 1.1390647892519134e-16,
    "recall": 0.06872924474831123,
    "roc_auc": 0.03962231370715381,
    "specificity": 0.03847418820319328
  }
}