{
  "train_sites": [
    "cleveland",
    "hungary",
    "va"
  ],
  "test_site": "switzerland",
  "model": "xgb",
  "experiment_type": "external_uci",
  "n_train": 797,
  "n_test": 123,
  "K": 20,
  "metrics_mean": {
    "accuracy": 0.6878048780487804,
    "brier_score": 0.24697410613298415,
    "ece": 0.2927551549601906,
    "f1": 0.8032672411535419,
    "mce": 0.831573406847933,
    "n_test": 123.0,
    "pr_auc": 0.9681483167299888,
    "precision": 0.9675531409512098,
    "prevalence": 0.9349593495934958,
    "recall": 0.6891304347826087,
    "roc_auc": 0.7505434782608698,
    "specificity": 0.66875
  },
  "metrics_std": {
    "accuracy": 0.06205155414437998,
    "brier_score": 0.04969634225722572,
    "ece": 0.05897354971770456,
    "f1": 0.04624895653486445,
    "mce": 0.03908784713059127,
    "n_test": 0.0,
    "pr_auc": 0.012247336467832723,
    "precision": 0.01048410102787756,
    "prevalence": 1.1390647892519134e-16,
    "recall": 0.06675532194260568,
    "roc_auc": 0.057424904352004216,
    "specificity": 0.10938674748942757
  }
}