{
  "experiment_type": "external_kaggle_uci",
  "variant": "cfs",
  "train_site": "va",
  "test_site": "kaggle",
  "model": "lgbm",
  "features_used": [
    "age",
    "sex",
    "sys_bp"
  ],
  "include_cholesterol": false,
  "n_train": 200,
  "n_test": 68726,
  "best_params": {
    "num_leaves": 63,
    "max_depth": 7,
    "learning_rate": 0.01
  },
  "metrics": {
    "roc_auc": 0.64234822976815,
    "pr_auc": 0.6287707849980527,
    "brier_score": 0.2769396662571358,
    "accuracy": 0.5803043971713762,
    "f1": 0.6851022948099303,
    "precision": 0.5447301262130866,
    "recall": 0.9229343765626379,
    "specificity": 0.24489619626248957,
    "confusion_matrix": [
      [
        8505,
        26224
      ],
      [
        2620,
        31377
      ]
    ],
    "n_test": 68726,
    "prevalence": 0.49467450455431716,
    "ece": 0.2120364458952392,
    "mce": 0.29991925062407465
  },
  "bootstrap_cis": {
    "roc_auc": {
      "point": 0.64234822976815,
      "ci_lower": 0.6382852384011646,
      "ci_upper": 0.6460137584232203
    },
    "pr_auc": {
      "point": 0.6287707849980527,
      "ci_lower": 0.6231171499171597,
      "ci_upper": 0.6344156866840334
    },
    "brier_score": {
      "point": 0.2769396662571358,
      "ci_lower": 0.27503210722020505,
      "ci_upper": 0.2788203990861791
    },
    "accuracy": {
      "point": 0.5803043971713762,
      "ci_lower": 0.5766063789541076,
      "ci_upper": 0.5838769170328552
    },
    "ece": {
      "point": 0.2120364458952392,
      "ci_lower": 0.2084250786005343,
      "ci_upper": 0.21604851120719964
    }
  }
}