{
  "experiment_type": "external_uci",
  "train_sites": [
    "switzerland"
  ],
  "test_site": "cleveland",
  "model": "rf",
  "features_used": [
    "age",
    "sex",
    "cp",
    "trestbps",
    "exang",
    "oldpeak"
  ],
  "n_train": 123,
  "n_test": 303,
  "best_params": {
    "max_depth": 5,
    "min_samples_leaf": 5
  },
  "metrics": {
    "roc_auc": 0.7874627127566239,
    "pr_auc": 0.6899824775981825,
    "brier_score": 0.2158628087337818,
    "accuracy": 0.7227722772277227,
    "f1": 0.7407407407407407,
    "precision": 0.6486486486486487,
    "recall": 0.8633093525179856,
    "specificity": 0.6036585365853658,
    "confusion_matrix": [
      [
        99,
        65
      ],
      [
        19,
        120
      ]
    ],
    "n_test": 303,
    "prevalence": 0.45874587458745875,
    "ece": 0.18293382098795366,
    "mce": 0.2859694050210454
  },
  "bootstrap_cis": {
    "roc_auc": {
      "point": 0.7874627127566239,
      "ci_lower": 0.7361691976238802,
      "ci_upper": 0.8415755633525339
    },
    "pr_auc": {
      "point": 0.6899824775981825,
      "ci_lower": 0.6045602846298025,
      "ci_upper": 0.7816582464673573
    },
    "brier_score": {
      "point": 0.2158628087337818,
      "ci_lower": 0.1888165469961222,
      "ci_upper": 0.2416808542449585
    },
    "accuracy": {
      "point": 0.7227722772277227,
      "ci_lower": 0.66996699669967,
      "ci_upper": 0.7707095709570957
    },
    "ece": {
      "point": 0.18293382098795366,
      "ci_lower": 0.14540022508950182,
      "ci_upper": 0.23413584679402735
    }
  },
  "timestamp": "2026-03-01T23:03:34Z",
  "config_hash": "93bf3a3395d35eb1"
}