{
  "experiment_type": "external_kaggle_uci",
  "variant": "cfs_plus_chol",
  "train_site": "cleveland",
  "test_site": "kaggle",
  "model": "rf",
  "features_used": [
    "age",
    "sex",
    "sys_bp",
    "cholesterol"
  ],
  "include_cholesterol": true,
  "n_train": 303,
  "n_test": 68726,
  "best_params": {
    "max_depth": 5,
    "min_samples_leaf": 5
  },
  "metrics": {
    "roc_auc": 0.6338044342349838,
    "pr_auc": 0.5995889551516667,
    "brier_score": 0.27445137353926957,
    "accuracy": 0.5616069609754678,
    "f1": 0.4593658597857489,
    "precision": 0.5889931897662434,
    "recall": 0.3765038091596317,
    "specificity": 0.7428086037605459,
    "confusion_matrix": [
      [
        25797,
        8932
      ],
      [
        21197,
        12800
      ]
    ],
    "n_test": 68726,
    "prevalence": 0.49467450455431716,
    "ece": 0.16569794359373222,
    "mce": 0.5072534595401016
  },
  "bootstrap_cis": {
    "roc_auc": {
      "point": 0.6338044342349838,
      "ci_lower": 0.6295325713452545,
      "ci_upper": 0.6378352598145713
    },
    "pr_auc": {
      "point": 0.5995889551516667,
      "ci_lower": 0.5939292538947756,
      "ci_upper": 0.605472944633751
    },
    "brier_score": {
      "point": 0.27445137353926957,
      "ci_lower": 0.27253484471957773,
      "ci_upper": 0.2763545879138066
    },
    "accuracy": {
      "point": 0.5616069609754678,
      "ci_lower": 0.5579540494136135,
      "ci_upper": 0.565908462590577
    },
    "ece": {
      "point": 0.16569794359373222,
      "ci_lower": 0.16221522815049563,
      "ci_upper": 0.16926170719658049
    }
  }
}