{
  "experiment_type": "external_uci",
  "train_sites": [
    "va"
  ],
  "test_site": "cleveland",
  "model": "lr",
  "features_used": [
    "age",
    "sex",
    "cp",
    "trestbps",
    "chol",
    "fbs",
    "restecg",
    "thalach",
    "exang",
    "oldpeak"
  ],
  "n_train": 200,
  "n_test": 303,
  "best_params": {
    "C": 0.01
  },
  "metrics": {
    "roc_auc": 0.7861905597473242,
    "pr_auc": 0.7540070863073844,
    "brier_score": 0.42635058457796005,
    "accuracy": 0.45874587458745875,
    "f1": 0.6289592760180995,
    "precision": 0.45874587458745875,
    "recall": 1.0,
    "specificity": 0.0,
    "confusion_matrix": [
      [
        0,
        164
      ],
      [
        0,
        139
      ]
    ],
    "n_test": 303,
    "prevalence": 0.45874587458745875,
    "ece": 0.44103195415337115,
    "mce": 0.7704576714782758
  },
  "bootstrap_cis": {
    "roc_auc": {
      "point": 0.7861905597473242,
      "ci_lower": 0.7353991567697209,
      "ci_upper": 0.8363873764227375
    },
    "pr_auc": {
      "point": 0.7540070863073844,
      "ci_lower": 0.6839731955324607,
      "ci_upper": 0.8230207370885592
    },
    "brier_score": {
      "point": 0.42635058457796005,
      "ci_lower": 0.38299638362639193,
      "ci_upper": 0.46779605771428256
    },
    "accuracy": {
      "point": 0.45874587458745875,
      "ci_lower": 0.40594059405940597,
      "ci_upper": 0.5148514851485149
    },
    "ece": {
      "point": 0.44103195415337115,
      "ci_lower": 0.3877180825839012,
      "ci_upper": 0.49199617228919673
    }
  },
  "timestamp": "2026-03-01T23:03:00Z",
  "config_hash": "93bf3a3395d35eb1"
}