{
  "experiment_type": "internal",
  "site": "kaggle",
  "model": "xgb",
  "best_params": {
    "learning_rate": 0.05,
    "max_depth": 3,
    "subsample": 0.8
  },
  "metrics": {
    "roc_auc": 0.7965987195338833,
    "pr_auc": 0.7809174696067437,
    "brier_score": 0.182648167014122,
    "accuracy": 0.7308307871380765,
    "f1": 0.7156470949892407,
    "precision": 0.7495170637475853,
    "recall": 0.6847058823529412,
    "specificity": 0.7759861790958825,
    "confusion_matrix": [
      [
        5390,
        1556
      ],
      [
        2144,
        4656
      ]
    ],
    "n_test": 13746,
    "prevalence": 0.49468936417867015,
    "ece": 0.009070436847048623,
    "mce": 0.05463407320134783
  },
  "bootstrap_cis": {
    "roc_auc": {
      "point": 0.7965987195338833,
      "ci_lower": 0.788720304180532,
      "ci_upper": 0.8035006900383938
    },
    "pr_auc": {
      "point": 0.7809174696067437,
      "ci_lower": 0.7698063592945875,
      "ci_upper": 0.7918714622849441
    },
    "brier_score": {
      "point": 0.182648167014122,
      "ci_lower": 0.17921544574201106,
      "ci_upper": 0.18609507009387016
    },
    "accuracy": {
      "point": 0.7308307871380765,
      "ci_lower": 0.723625054561327,
      "ci_upper": 0.7392823366797614
    },
    "ece": {
      "point": 0.009070436847048623,
      "ci_lower": 0.007324971229872692,
      "ci_upper": 0.017257080197081706
    }
  }
}