{
  "experiment_type": "external_uci",
  "train_sites": [
    "va"
  ],
  "test_site": "cleveland",
  "model": "xgb",
  "features_used": [
    "age",
    "sex",
    "cp",
    "trestbps",
    "chol",
    "fbs",
    "restecg",
    "thalach",
    "exang",
    "oldpeak"
  ],
  "n_train": 200,
  "n_test": 303,
  "best_params": {
    "subsample": 0.7,
    "max_depth": 3,
    "learning_rate": 0.01
  },
  "metrics": {
    "roc_auc": 0.81459466573083,
    "pr_auc": 0.8038844353452854,
    "brier_score": 0.22919416427612305,
    "accuracy": 0.6105610561056105,
    "f1": 0.6861702127659575,
    "precision": 0.5443037974683544,
    "recall": 0.9280575539568345,
    "specificity": 0.34146341463414637,
    "confusion_matrix": [
      [
        56,
        108
      ],
      [
        10,
        129
      ]
    ],
    "n_test": 303,
    "prevalence": 0.45874587458745875,
    "ece": 0.2108185812585031,
    "mce": 0.35230021476745604
  },
  "bootstrap_cis": {
    "roc_auc": {
      "point": 0.81459466573083,
      "ci_lower": 0.7690468528456049,
      "ci_upper": 0.8602285688005886
    },
    "pr_auc": {
      "point": 0.8038844353452854,
      "ci_lower": 0.7516692120904853,
      "ci_upper": 0.8628056868596667
    },
    "brier_score": {
      "point": 0.22919416427612305,
      "ci_lower": 0.20784991532564162,
      "ci_upper": 0.25267286598682404
    },
    "accuracy": {
      "point": 0.6105610561056105,
      "ci_lower": 0.5577557755775577,
      "ci_upper": 0.6633663366336634
    },
    "ece": {
      "point": 0.2108185812585031,
      "ci_lower": 0.17159949402899632,
      "ci_upper": 0.2590897830553574
    }
  },
  "timestamp": "2026-03-01T23:03:03Z",
  "config_hash": "93bf3a3395d35eb1"
}