{
  "experiment_type": "internal",
  "site": "kaggle",
  "model": "lgbm",
  "features_used": [
    "age",
    "sex",
    "height",
    "weight",
    "sys_bp",
    "dia_bp",
    "cholesterol",
    "gluc",
    "smoke",
    "alco",
    "active"
  ],
  "n_train": 54980,
  "n_test": 13746,
  "best_params": {
    "num_leaves": 15,
    "max_depth": 3,
    "learning_rate": 0.05
  },
  "metrics": {
    "roc_auc": 0.7971238419064719,
    "pr_auc": 0.781267857226056,
    "brier_score": 0.18242569890085952,
    "accuracy": 0.7298850574712644,
    "f1": 0.7136577465874914,
    "precision": 0.7502837684449489,
    "recall": 0.6804411764705882,
    "specificity": 0.7782896631154621,
    "confusion_matrix": [
      [
        5406,
        1540
      ],
      [
        2173,
        4627
      ]
    ],
    "n_test": 13746,
    "prevalence": 0.49468936417867015,
    "ece": 0.008284158836072433,
    "mce": 0.0490037869870763
  },
  "bootstrap_cis": {
    "roc_auc": {
      "point": 0.7971238419064719,
      "ci_lower": 0.7892411676436205,
      "ci_upper": 0.8038293437136368
    },
    "pr_auc": {
      "point": 0.781267857226056,
      "ci_lower": 0.7698395115113682,
      "ci_upper": 0.7920039084264944
    },
    "brier_score": {
      "point": 0.18242569890085952,
      "ci_lower": 0.17899744834860928,
      "ci_upper": 0.18587578063679297
    },
    "accuracy": {
      "point": 0.7298850574712644,
      "ci_lower": 0.7231922013676706,
      "ci_upper": 0.7381092681507347
    },
    "ece": {
      "point": 0.008284158836072433,
      "ci_lower": 0.007174823433726378,
      "ci_upper": 0.016128376447357033
    }
  },
  "timestamp": "2026-03-01T22:54:48Z",
  "config_hash": "93bf3a3395d35eb1"
}