{
  "experiment_type": "external_uci",
  "model": "lr",
  "method": "platt",
  "split_mode": "holdout",
  "n_calibration": 151,
  "n_evaluation": 152,
  "metrics_before": {
    "brier_score": 0.5366595298431506,
    "ece": 0.5427016329260481,
    "mce": 0.8161641272538076,
    "bin_details": [
      {
        "lo": 0.8,
        "hi": 0.9,
        "acc": 0.0,
        "conf": 0.8161641272538076,
        "n": 1
      },
      {
        "lo": 0.9,
        "hi": 1.0,
        "acc": 0.4503311258278146,
        "conf": 0.9912217488576524,
        "n": 151
      }
    ],
    "calibration_curve": {
      "fraction_pos": [
        0.0,
        0.4503311258278146
      ],
      "mean_predicted": [
        0.8161641272538076,
        0.9912217488576525
      ]
    }
  },
  "metrics_after": {
    "brier_score": 0.24731615390090772,
    "ece": 0.02253622692257795,
    "mce": 0.02253622692257795,
    "bin_details": [
      {
        "lo": 0.4,
        "hi": 0.5,
        "acc": 0.4473684210526316,
        "conf": 0.46990464797520953,
        "n": 152
      }
    ],
    "calibration_curve": {
      "fraction_pos": [
        0.4473684210526316
      ],
      "mean_predicted": [
        0.4699046479752094
      ]
    }
  },
  "improvement": {
    "brier_delta": 0.28934337594224285,
    "ece_delta": 0.5201654060034702,
    "mce_delta": 0.7936279003312297
  },
  "train_sites": [
    "hungary",
    "va",
    "switzerland"
  ],
  "test_site": "cleveland"
}