{
  "experiment_type": "external_uci",
  "train_sites": [
    "va"
  ],
  "test_site": "hungary",
  "model": "rf",
  "features_used": [
    "age",
    "sex",
    "cp",
    "trestbps",
    "chol",
    "thalach",
    "exang",
    "oldpeak"
  ],
  "n_train": 200,
  "n_test": 294,
  "best_params": {
    "max_depth": 10,
    "min_samples_leaf": 10
  },
  "metrics": {
    "roc_auc": 0.8801686069851465,
    "pr_auc": 0.8037802821887767,
    "brier_score": 0.17314329661887548,
    "accuracy": 0.8061224489795918,
    "f1": 0.6918918918918919,
    "precision": 0.810126582278481,
    "recall": 0.6037735849056604,
    "specificity": 0.9202127659574468,
    "confusion_matrix": [
      [
        173,
        15
      ],
      [
        42,
        64
      ]
    ],
    "n_test": 294,
    "prevalence": 0.36054421768707484,
    "ece": 0.177675991124109,
    "mce": 0.2812546695517037
  },
  "bootstrap_cis": {
    "roc_auc": {
      "point": 0.8801686069851465,
      "ci_lower": 0.838003334980237,
      "ci_upper": 0.9187196140230033
    },
    "pr_auc": {
      "point": 0.8037802821887767,
      "ci_lower": 0.7325672377767899,
      "ci_upper": 0.8742046179833162
    },
    "brier_score": {
      "point": 0.17314329661887548,
      "ci_lower": 0.1608563425396847,
      "ci_upper": 0.18493496519388303
    },
    "accuracy": {
      "point": 0.8061224489795918,
      "ci_lower": 0.7601190476190476,
      "ci_upper": 0.8521258503401359
    },
    "ece": {
      "point": 0.177675991124109,
      "ci_lower": 0.1403897498808504,
      "ci_upper": 0.21841541540343953
    }
  }
}