{
  "experiment_type": "external_kaggle_uci",
  "variant": "cfs_plus_chol",
  "train_site": "va",
  "test_site": "kaggle",
  "model": "rf",
  "features_used": [
    "age",
    "sex",
    "sys_bp",
    "cholesterol"
  ],
  "include_cholesterol": true,
  "n_train": 200,
  "n_test": 68726,
  "best_params": {
    "max_depth": 5,
    "min_samples_leaf": 5
  },
  "metrics": {
    "roc_auc": 0.6064140940570244,
    "pr_auc": 0.6301561880260794,
    "brier_score": 0.23762399079230354,
    "accuracy": 0.5506067572679917,
    "f1": 0.5802927147458111,
    "precision": 0.5393028542561252,
    "recall": 0.62802600229432,
    "specificity": 0.47481931526965937,
    "confusion_matrix": [
      [
        16490,
        18239
      ],
      [
        12646,
        21351
      ]
    ],
    "n_test": 68726,
    "prevalence": 0.49467450455431716,
    "ece": 0.0873344909474019,
    "mce": 0.22967232434795493
  },
  "bootstrap_cis": {
    "roc_auc": {
      "point": 0.6064140940570244,
      "ci_lower": 0.6022599817511148,
      "ci_upper": 0.6104686820086478
    },
    "pr_auc": {
      "point": 0.6301561880260794,
      "ci_lower": 0.6247222695236497,
      "ci_upper": 0.6353943956812177
    },
    "brier_score": {
      "point": 0.23762399079230354,
      "ci_lower": 0.23684946864516135,
      "ci_upper": 0.23839285865212734
    },
    "accuracy": {
      "point": 0.5506067572679917,
      "ci_lower": 0.5466912085673544,
      "ci_upper": 0.5543491546139743
    },
    "ece": {
      "point": 0.0873344909474019,
      "ci_lower": 0.0838212193302439,
      "ci_upper": 0.09094660644247618
    }
  }
}