{
  "experiment_type": "internal",
  "site": "kaggle",
  "model": "lgbm",
  "best_params": {
    "learning_rate": 0.01,
    "max_depth": 7,
    "num_leaves": 31
  },
  "metrics": {
    "roc_auc": 0.7958775363730289,
    "pr_auc": 0.7799248396219709,
    "brier_score": 0.18300488239719556,
    "accuracy": 0.729957805907173,
    "f1": 0.713712787289835,
    "precision": 0.7504054492377554,
    "recall": 0.6804411764705882,
    "specificity": 0.7784336308666858,
    "confusion_matrix": [
      [
        5407,
        1539
      ],
      [
        2173,
        4627
      ]
    ],
    "n_test": 13746,
    "prevalence": 0.49468936417867015,
    "ece": 0.012526080454152416,
    "mce": 0.04652727655181488
  },
  "bootstrap_cis": {
    "roc_auc": {
      "point": 0.7958775363730289,
      "ci_lower": 0.7878843452222618,
      "ci_upper": 0.8027507312007156
    },
    "pr_auc": {
      "point": 0.7799248396219709,
      "ci_lower": 0.7691049700686451,
      "ci_upper": 0.7903331067074214
    },
    "brier_score": {
      "point": 0.18300488239719556,
      "ci_lower": 0.17982005468425644,
      "ci_upper": 0.1862599576451791
    },
    "accuracy": {
      "point": 0.729957805907173,
      "ci_lower": 0.7231085406663756,
      "ci_upper": 0.7378982976865998
    },
    "ece": {
      "point": 0.012526080454152416,
      "ci_lower": 0.00965450531154279,
      "ci_upper": 0.020925885663322093
    }
  }
}