{
  "experiment_type": "external_uci",
  "model": "lr",
  "variant": "intercept_only",
  "split_mode": "holdout",
  "n_calibration": 61,
  "n_evaluation": 62,
  "metrics_before": {
    "brier_score": 0.3503565805670452,
    "ece": 0.5283706908461963,
    "mce": 0.5482433043273949,
    "bin_details": [
      {
        "lo": 0.30000000000000004,
        "hi": 0.4,
        "acc": 0.9142857142857143,
        "conf": 0.36604240995831944,
        "n": 35
      },
      {
        "lo": 0.4,
        "hi": 0.5,
        "acc": 0.9259259259259259,
        "conf": 0.4233160303331353,
        "n": 27
      }
    ],
    "calibration_curve": {
      "fraction_pos": [
        0.9142857142857143,
        0.9259259259259259
      ],
      "mean_predicted": [
        0.3660424099583195,
        0.4233160303331353
      ]
    }
  },
  "metrics_after": {
    "brier_score": 0.0728985327065562,
    "ece": 0.005669319083808855,
    "mce": 0.005669319083808855,
    "bin_details": [
      {
        "lo": 0.9,
        "hi": 1.0,
        "acc": 0.9193548387096774,
        "conf": 0.9250241577934862,
        "n": 62
      }
    ],
    "calibration_curve": {
      "fraction_pos": [
        0.9193548387096774
      ],
      "mean_predicted": [
        0.9250241577934863
      ]
    }
  },
  "improvement": {
    "brier_delta": 0.277458047860489,
    "ece_delta": 0.5227013717623874,
    "mce_delta": 0.542573985243586
  },
  "per_fold_params": [
    {
      "intercept": 2.9663842467127246,
      "slope": 1.0
    }
  ],
  "mean_params": {
    "intercept": 2.9663842467127246,
    "slope": 1.0
  },
  "train_sites": [
    "hungary"
  ],
  "test_site": "switzerland"
}