{
  "experiment_type": "external_uci",
  "model": "lr",
  "variant": "intercept_only",
  "split_mode": "holdout",
  "n_calibration": 147,
  "n_evaluation": 147,
  "metrics_before": {
    "brier_score": 0.3554065442533277,
    "ece": 0.36642121325116683,
    "mce": 0.6986203869695254,
    "bin_details": [
      {
        "lo": 0.6000000000000001,
        "hi": 0.7000000000000001,
        "acc": 0.0,
        "conf": 0.6986203869695254,
        "n": 5
      },
      {
        "lo": 0.7000000000000001,
        "hi": 0.8,
        "acc": 0.3732394366197183,
        "conf": 0.7279634958667176,
        "n": 142
      }
    ],
    "calibration_curve": {
      "fraction_pos": [
        0.0,
        0.3732394366197183
      ],
      "mean_predicted": [
        0.6986203869695254,
        0.7279634958667178
      ]
    }
  },
  "metrics_after": {
    "brier_score": 0.2766824678505065,
    "ece": 0.2632361888966339,
    "mce": 0.4800932567084196,
    "bin_details": [
      {
        "lo": 0.5,
        "hi": 0.6000000000000001,
        "acc": 0.1038961038961039,
        "conf": 0.5839893606045236,
        "n": 77
      },
      {
        "lo": 0.6000000000000001,
        "hi": 0.7000000000000001,
        "acc": 0.6428571428571429,
        "conf": 0.6181637285534732,
        "n": 70
      }
    ],
    "calibration_curve": {
      "fraction_pos": [
        0.1038961038961039,
        0.6428571428571429
      ],
      "mean_predicted": [
        0.5839893606045233,
        0.6181637285534731
      ]
    }
  },
  "improvement": {
    "brier_delta": 0.0787240764028212,
    "ece_delta": 0.10318502435453292,
    "mce_delta": 0.21852713026110582
  },
  "per_fold_params": [
    {
      "intercept": -0.573557115396461,
      "slope": 1.0
    }
  ],
  "mean_params": {
    "intercept": -0.573557115396461,
    "slope": 1.0
  },
  "train_sites": [
    "va"
  ],
  "test_site": "hungary"
}