{
  "train_sites": [
    "kaggle"
  ],
  "test_site": "cleveland",
  "model": "lgbm",
  "experiment_type": "external_kaggle_uci",
  "n_train": 68726,
  "n_test": 303,
  "K": 20,
  "metrics_mean": {
    "accuracy": 0.5447194719471947,
    "brier_score": 0.3373891712224887,
    "ece": 0.28421204181274945,
    "f1": 0.5685791922180401,
    "mce": 0.4666380769578736,
    "n_test": 303.0,
    "pr_auc": 0.5225725519880993,
    "precision": 0.5018105101523946,
    "prevalence": 0.45874587458745875,
    "recall": 0.658273381294964,
    "roc_auc": 0.5708007983856817,
    "specificity": 0.4484756097560975
  },
  "metrics_std": {
    "accuracy": 0.0326272654336236,
    "brier_score": 0.02943510645839419,
    "ece": 0.037767232340286734,
    "f1": 0.04397788224135463,
    "mce": 0.06919297951532129,
    "n_test": 0.0,
    "pr_auc": 0.04736511625271933,
    "precision": 0.026785627396475657,
    "prevalence": 0.0,
    "recall": 0.08009471400850086,
    "roc_auc": 0.04839669515043494,
    "specificity": 0.038689745767645535
  }
}