{
  "train_sites": [
    "kaggle"
  ],
  "test_site": "cleveland",
  "model": "rf",
  "experiment_type": "external_kaggle_uci",
  "n_train": 68726,
  "n_test": 303,
  "K": 20,
  "metrics_mean": {
    "accuracy": 0.5450495049504951,
    "brier_score": 0.3315885830411466,
    "ece": 0.27011882199488374,
    "f1": 0.5616424812663376,
    "mce": 0.44011388194263174,
    "n_test": 303.0,
    "pr_auc": 0.5157454515644025,
    "precision": 0.5023598459208374,
    "prevalence": 0.45874587458745875,
    "recall": 0.6392086330935252,
    "roc_auc": 0.5732836901210738,
    "specificity": 0.46524390243902436
  },
  "metrics_std": {
    "accuracy": 0.025435540666189745,
    "brier_score": 0.0209467199442601,
    "ece": 0.030190068994281075,
    "f1": 0.04034265853258658,
    "mce": 0.048178377873514436,
    "n_test": 0.0,
    "pr_auc": 0.039549399768605456,
    "precision": 0.02335114407318177,
    "prevalence": 0.0,
    "recall": 0.07107676820713921,
    "roc_auc": 0.03958303326611339,
    "specificity": 0.04069263959318254
  }
}