{
  "train_sites": [
    "kaggle"
  ],
  "test_site": "cleveland",
  "model": "xgb",
  "experiment_type": "external_kaggle_uci",
  "n_train": 68726,
  "n_test": 303,
  "K": 20,
  "metrics_mean": {
    "accuracy": 0.5432343234323432,
    "brier_score": 0.37629212588071825,
    "ece": 0.35000084682426147,
    "f1": 0.5535571094309086,
    "mce": 0.5025983018286235,
    "n_test": 303.0,
    "pr_auc": 0.5250803739511409,
    "precision": 0.5016010224029364,
    "prevalence": 0.45874587458745875,
    "recall": 0.6208633093525179,
    "roc_auc": 0.5702250394806108,
    "specificity": 0.4774390243902439
  },
  "metrics_std": {
    "accuracy": 0.026433020562043684,
    "brier_score": 0.03065124556720662,
    "ece": 0.03640948090203313,
    "f1": 0.03728297096385686,
    "mce": 0.0623569749259904,
    "n_test": 0.0,
    "pr_auc": 0.03899831156078496,
    "precision": 0.022680575837970715,
    "prevalence": 0.0,
    "recall": 0.06967654683627772,
    "roc_auc": 0.04305435702800873,
    "specificity": 0.05651530012085577
  }
}