{
  "experiment_type": "internal",
  "site": "switzerland",
  "model": "lr",
  "features_used": [
    "age",
    "sex",
    "cp",
    "trestbps",
    "restecg",
    "thalach",
    "exang",
    "oldpeak",
    "slope",
    "ca"
  ],
  "n_train": 98,
  "n_test": 615,
  "best_params": {
    "C": 0.01
  },
  "metrics": {
    "n_test": 615,
    "roc_auc": 0.7243478260869565,
    "pr_auc": 0.9621564565963109,
    "brier_score": 0.06310561894187056,
    "accuracy": 0.9289333333333333,
    "ece": 0.032374304787040856,
    "mce": 0.12670053045464777,
    "f1": 0.962904717853839,
    "precision": 0.9347884057971014,
    "recall": 0.9930434782608696,
    "specificity": 0.0,
    "prevalence": 0.9353333333333331,
    "confusion_matrix": [
      [
        0,
        40
      ],
      [
        4,
        571
      ]
    ]
  },
  "bootstrap_cis": {
    "roc_auc": {
      "point": 1.0,
      "ci_lower": NaN,
      "ci_upper": NaN
    },
    "pr_auc": {
      "point": 1.0,
      "ci_lower": 0.9999999999999998,
      "ci_upper": 1.0000000000000002
    },
    "brier_score": {
      "point": 0.07372215921848338,
      "ci_lower": 0.0037131325531866897,
      "ci_upper": 0.1787329191991206
    },
    "accuracy": {
      "point": 0.92,
      "ci_lower": 0.8,
      "ci_upper": 1.0
    },
    "ece": {
      "point": 0.018841830710902174,
      "ci_lower": 0.018693124713539514,
      "ci_upper": 0.1387426086072197
    }
  },
  "timestamp": "2026-02-25T16:14:14Z",
  "config_hash": "93bf3a3395d35eb1"
}