{
  "experiment_type": "external_kaggle_uci",
  "variant": "cfs_plus_chol",
  "train_site": "kaggle",
  "test_site": "va",
  "model": "rf",
  "features_used": [
    "age",
    "sex",
    "sys_bp",
    "cholesterol"
  ],
  "include_cholesterol": true,
  "n_train": 68726,
  "n_test": 200,
  "best_params": {
    "max_depth": 5,
    "min_samples_leaf": 10
  },
  "metrics": {
    "roc_auc": 0.6211343597841822,
    "pr_auc": 0.8327906966293019,
    "brier_score": 0.21874940687355404,
    "accuracy": 0.63,
    "f1": 0.7375886524822695,
    "precision": 0.7819548872180451,
    "recall": 0.697986577181208,
    "specificity": 0.43137254901960786,
    "confusion_matrix": [
      [
        22,
        29
      ],
      [
        45,
        104
      ]
    ],
    "n_test": 200,
    "prevalence": 0.745,
    "ece": 0.14170455405144727,
    "mce": 0.546936658574053
  },
  "bootstrap_cis": {
    "roc_auc": {
      "point": 0.6211343597841822,
      "ci_lower": 0.5391153430341281,
      "ci_upper": 0.7018236933705704
    },
    "pr_auc": {
      "point": 0.8327906966293019,
      "ci_lower": 0.7665161047052037,
      "ci_upper": 0.893270586907975
    },
    "brier_score": {
      "point": 0.21874940687355404,
      "ci_lower": 0.1931749123878924,
      "ci_upper": 0.24498612411434045
    },
    "accuracy": {
      "point": 0.63,
      "ci_lower": 0.56,
      "ci_upper": 0.695
    },
    "ece": {
      "point": 0.14170455405144727,
      "ci_lower": 0.09860849997637984,
      "ci_upper": 0.20440369431247574
    }
  }
}