{
  "experiment_type": "external_uci",
  "train_sites": [
    "cleveland",
    "va",
    "switzerland"
  ],
  "test_site": "hungary",
  "model": "xgb",
  "features_used": [
    "age",
    "sex",
    "cp",
    "trestbps",
    "chol",
    "thalach",
    "exang",
    "oldpeak"
  ],
  "n_train": 626,
  "n_test": 294,
  "best_params": {
    "subsample": 0.7,
    "max_depth": 3,
    "learning_rate": 0.01
  },
  "metrics": {
    "roc_auc": 0.8492824167001205,
    "pr_auc": 0.7515354152207184,
    "brier_score": 0.21249844133853912,
    "accuracy": 0.673469387755102,
    "f1": 0.6778523489932886,
    "precision": 0.5260416666666666,
    "recall": 0.9528301886792453,
    "specificity": 0.5159574468085106,
    "confusion_matrix": [
      [
        97,
        91
      ],
      [
        5,
        101
      ]
    ],
    "n_test": 294,
    "prevalence": 0.36054421768707484,
    "ece": 0.2344905306287363,
    "mce": 0.3795004505099672
  },
  "bootstrap_cis": {
    "roc_auc": {
      "point": 0.8492824167001205,
      "ci_lower": 0.8041128897161905,
      "ci_upper": 0.8934611962949395
    },
    "pr_auc": {
      "point": 0.7515354152207184,
      "ci_lower": 0.6688191803330528,
      "ci_upper": 0.8316393574835275
    },
    "brier_score": {
      "point": 0.21249844133853912,
      "ci_lower": 0.18729262687265874,
      "ci_upper": 0.234349562600255
    },
    "accuracy": {
      "point": 0.673469387755102,
      "ci_lower": 0.6258503401360545,
      "ci_upper": 0.7296768707482992
    },
    "ece": {
      "point": 0.2344905306287363,
      "ci_lower": 0.19433130806400664,
      "ci_upper": 0.27764612536142474
    }
  },
  "timestamp": "2026-03-01T23:04:39Z",
  "config_hash": "93bf3a3395d35eb1"
}