{
  "train_sites": [
    "cleveland"
  ],
  "test_site": "switzerland",
  "model": "lr",
  "experiment_type": "external_uci",
  "n_train": 303,
  "n_test": 123,
  "K": 20,
  "metrics_mean": {
    "accuracy": 0.7044715447154472,
    "brier_score": 0.21092993708625296,
    "ece": 0.31983938078013086,
    "f1": 0.8160053698748818,
    "mce": 0.7675357114272999,
    "n_test": 123.0,
    "pr_auc": 0.9691111430831645,
    "precision": 0.9676983036551668,
    "prevalence": 0.9349593495934958,
    "recall": 0.7073913043478262,
    "roc_auc": 0.7280434782608697,
    "specificity": 0.6625
  },
  "metrics_std": {
    "accuracy": 0.05677439543121843,
    "brier_score": 0.025260977297741474,
    "ece": 0.03262289214628105,
    "f1": 0.041524332560636514,
    "mce": 0.057886067405708855,
    "n_test": 0.0,
    "pr_auc": 0.005481259614341521,
    "precision": 0.006102102094398906,
    "prevalence": 1.1390647892519134e-16,
    "recall": 0.06065834552723379,
    "roc_auc": 0.02355568216318344,
    "specificity": 0.05877029324770341
  }
}