{
  "experiment_type": "internal_cfs",
  "site": "cleveland",
  "model": "lr",
  "features_used": [
    "age",
    "sex",
    "sys_bp"
  ],
  "metrics": {
    "roc_auc": 0.7132034632034632,
    "pr_auc": 0.625229770320267,
    "brier_score": 0.2287219996786201,
    "accuracy": 0.6557377049180327,
    "f1": 0.5714285714285714,
    "precision": 0.6666666666666666,
    "recall": 0.5,
    "specificity": 0.7878787878787878,
    "confusion_matrix": [
      [
        26,
        7
      ],
      [
        14,
        14
      ]
    ],
    "n_test": 61,
    "prevalence": 0.45901639344262296,
    "ece": 0.09020389792717085,
    "mce": 0.17175238884535204
  },
  "bootstrap_cis": {
    "roc_auc": {
      "point": 0.7132034632034632,
      "ci_lower": 0.5761455669224212,
      "ci_upper": 0.8369073275862067
    },
    "pr_auc": {
      "point": 0.625229770320267,
      "ci_lower": 0.4599983591142091,
      "ci_upper": 0.8381511154379423
    },
    "brier_score": {
      "point": 0.2287219996786201,
      "ci_lower": 0.21102949758981848,
      "ci_upper": 0.2477933630644168
    },
    "accuracy": {
      "point": 0.6557377049180327,
      "ci_lower": 0.5323770491803279,
      "ci_upper": 0.7704918032786885
    },
    "ece": {
      "point": 0.09020389792717085,
      "ci_lower": 0.036440000947666175,
      "ci_upper": 0.21394805968564592
    }
  },
  "best_params": {
    "C": 0.01
  },
  "cfs_penalty": {
    "full_auc": 0.9632034632034632,
    "cfs_auc": 0.7132034632034632,
    "auc_drop": 0.25,
    "relative_drop_pct": 25.955056179775283
  }
}