{
  "experiment_type": "internal",
  "site": "hungary",
  "model": "rf",
  "best_params": {
    "max_depth": 5,
    "min_samples_leaf": 1
  },
  "metrics": {
    "roc_auc": 0.8834586466165414,
    "pr_auc": 0.8711598555588327,
    "brier_score": 0.13328404356878237,
    "accuracy": 0.7966101694915254,
    "f1": 0.7391304347826086,
    "precision": 0.68,
    "recall": 0.8095238095238095,
    "specificity": 0.7894736842105263,
    "confusion_matrix": [
      [
        30,
        8
      ],
      [
        4,
        17
      ]
    ],
    "n_test": 59,
    "prevalence": 0.3559322033898305,
    "ece": 0.10668476176739049,
    "mce": 0.4269956112239892
  },
  "bootstrap_cis": {
    "roc_auc": {
      "point": 0.8834586466165414,
      "ci_lower": 0.7804242081447964,
      "ci_upper": 0.9608873011046923
    },
    "pr_auc": {
      "point": 0.8711598555588327,
      "ci_lower": 0.7339806344883271,
      "ci_upper": 0.9557629025129025
    },
    "brier_score": {
      "point": 0.13328404356878237,
      "ci_lower": 0.08863905199808163,
      "ci_upper": 0.1837805065686201
    },
    "accuracy": {
      "point": 0.7966101694915254,
      "ci_lower": 0.6949152542372882,
      "ci_upper": 0.8813559322033898
    },
    "ece": {
      "point": 0.10668476176739049,
      "ci_lower": 0.08706443605518374,
      "ci_upper": 0.21356477426417797
    }
  }
}