{
  "experiment_type": "external_uci",
  "train_sites": [
    "switzerland"
  ],
  "test_site": "hungary",
  "model": "lr",
  "features_used": [
    "age",
    "sex",
    "cp",
    "trestbps",
    "exang",
    "oldpeak"
  ],
  "n_train": 123,
  "n_test": 294,
  "best_params": {
    "C": 0.001
  },
  "metrics": {
    "roc_auc": 0.8592683661180249,
    "pr_auc": 0.7221586199009405,
    "brier_score": 0.5570700984411562,
    "accuracy": 0.36054421768707484,
    "f1": 0.53,
    "precision": 0.36054421768707484,
    "recall": 1.0,
    "specificity": 0.0,
    "confusion_matrix": [
      [
        0,
        188
      ],
      [
        0,
        106
      ]
    ],
    "n_test": 294,
    "prevalence": 0.36054421768707484,
    "ece": 0.5726004415311852,
    "mce": 0.5726004415311852
  },
  "bootstrap_cis": {
    "roc_auc": {
      "point": 0.8592683661180249,
      "ci_lower": 0.8144819530397992,
      "ci_upper": 0.9017652172236876
    },
    "pr_auc": {
      "point": 0.7221586199009405,
      "ci_lower": 0.6377172497101187,
      "ci_upper": 0.8274178993780993
    },
    "brier_score": {
      "point": 0.5570700984411562,
      "ci_lower": 0.5103437110223802,
      "ci_upper": 0.6040086884563344
    },
    "accuracy": {
      "point": 0.36054421768707484,
      "ci_lower": 0.30612244897959184,
      "ci_upper": 0.41496598639455784
    },
    "ece": {
      "point": 0.5726004415311852,
      "ci_lower": 0.5185464564497334,
      "ci_upper": 0.6268254916002857
    }
  },
  "timestamp": "2026-03-01T23:03:46Z",
  "config_hash": "93bf3a3395d35eb1"
}