{
  "train_sites": [
    "hungary",
    "va",
    "switzerland"
  ],
  "test_site": "cleveland",
  "model": "lr",
  "experiment_type": "external_uci",
  "n_train": 617,
  "n_test": 303,
  "K": 20,
  "metrics_mean": {
    "accuracy": 0.4615511551155116,
    "brier_score": 0.5013392961727854,
    "ece": 0.5145424749443612,
    "f1": 0.6300158459160865,
    "mce": 0.7428437652776604,
    "n_test": 303.0,
    "pr_auc": 0.7675281735457691,
    "precision": 0.46003520420406135,
    "prevalence": 0.45874587458745875,
    "recall": 0.9992805755395683,
    "roc_auc": 0.7938410247411827,
    "specificity": 0.005792682926829268
  },
  "metrics_std": {
    "accuracy": 0.0064491024981663155,
    "brier_score": 0.037237929792217815,
    "ece": 0.02610907434601711,
    "f1": 0.0022111124978972884,
    "mce": 0.11933577980342626,
    "n_test": 0.0,
    "pr_auc": 0.03734531406708992,
    "precision": 0.0029514566535003253,
    "prevalence": 0.0,
    "recall": 0.00321736399640258,
    "roc_auc": 0.029010220191920642,
    "specificity": 0.014330804549882508
  }
}