{
  "experiment_type": "external_uci",
  "train_sites": [
    "va"
  ],
  "test_site": "switzerland",
  "model": "lgbm",
  "features_used": [
    "age",
    "sex",
    "cp",
    "trestbps",
    "exang",
    "oldpeak"
  ],
  "n_train": 200,
  "n_test": 123,
  "best_params": {
    "num_leaves": 63,
    "max_depth": 7,
    "learning_rate": 0.01
  },
  "metrics": {
    "roc_auc": 0.6315217391304347,
    "pr_auc": 0.9410499306154937,
    "brier_score": 0.1242764983819239,
    "accuracy": 0.8780487804878049,
    "f1": 0.9333333333333333,
    "precision": 0.9545454545454546,
    "recall": 0.9130434782608695,
    "specificity": 0.375,
    "confusion_matrix": [
      [
        3,
        5
      ],
      [
        10,
        105
      ]
    ],
    "n_test": 123,
    "prevalence": 0.9349593495934959,
    "ece": 0.2249743772674679,
    "mce": 0.4665470889829342
  },
  "bootstrap_cis": {
    "roc_auc": {
      "point": 0.6315217391304347,
      "ci_lower": 0.3272430369709585,
      "ci_upper": 0.8711895794099183
    },
    "pr_auc": {
      "point": 0.9410499306154937,
      "ci_lower": 0.8757882137461014,
      "ci_upper": 0.9918993804240154
    },
    "brier_score": {
      "point": 0.1242764983819239,
      "ci_lower": 0.10143661101724909,
      "ci_upper": 0.14985516971833296
    },
    "accuracy": {
      "point": 0.8780487804878049,
      "ci_lower": 0.808739837398374,
      "ci_upper": 0.9310975609756096
    },
    "ece": {
      "point": 0.2249743772674679,
      "ci_lower": 0.17946931516238157,
      "ci_upper": 0.2741030348652317
    }
  },
  "timestamp": "2026-03-01T23:03:27Z",
  "config_hash": "93bf3a3395d35eb1"
}