{
  "experiment_type": "external_uci",
  "model": "lr",
  "method": "temperature",
  "split_mode": "holdout",
  "n_calibration": 61,
  "n_evaluation": 62,
  "metrics_before": {
    "brier_score": 0.3503565805670452,
    "ece": 0.5283706908461963,
    "mce": 0.5482433043273949,
    "bin_details": [
      {
        "lo": 0.30000000000000004,
        "hi": 0.4,
        "acc": 0.9142857142857143,
        "conf": 0.36604240995831944,
        "n": 35
      },
      {
        "lo": 0.4,
        "hi": 0.5,
        "acc": 0.9259259259259259,
        "conf": 0.4233160303331353,
        "n": 27
      }
    ],
    "calibration_curve": {
      "fraction_pos": [
        0.9142857142857143,
        0.9259259259259259
      ],
      "mean_predicted": [
        0.3660424099583195,
        0.4233160303331353
      ]
    }
  },
  "metrics_after": {
    "brier_score": 0.25902979403062293,
    "ece": 0.43048605716319205,
    "mce": 0.43048605716319205,
    "bin_details": [
      {
        "lo": 0.4,
        "hi": 0.5,
        "acc": 0.9193548387096774,
        "conf": 0.48886878154648533,
        "n": 62
      }
    ],
    "calibration_curve": {
      "fraction_pos": [
        0.9193548387096774
      ],
      "mean_predicted": [
        0.4888687815464852
      ]
    }
  },
  "improvement": {
    "brier_delta": 0.09132678653642229,
    "ece_delta": 0.09788463368300421,
    "mce_delta": 0.11775724716420283
  },
  "train_sites": [
    "hungary"
  ],
  "test_site": "switzerland"
}