{
  "experiment_type": "external_kaggle_uci",
  "model": "lr",
  "method": "temperature",
  "split_mode": "holdout",
  "n_calibration": 34363,
  "n_evaluation": 34363,
  "metrics_before": {
    "brier_score": 0.45559892203194496,
    "ece": 0.4551978785076145,
    "mce": 0.4551978785076145,
    "bin_details": [
      {
        "lo": 0.9,
        "hi": 1.0,
        "acc": 0.4941070337281378,
        "conf": 0.9493049122357523,
        "n": 34363
      }
    ],
    "calibration_curve": {
      "fraction_pos": [
        0.4941070337281378
      ],
      "mean_predicted": [
        0.9493049122357607
      ]
    }
  },
  "metrics_after": {
    "brier_score": 0.25538841048636995,
    "ece": 0.07938793423684495,
    "mce": 0.6007170138911686,
    "bin_details": [
      {
        "lo": 0.5,
        "hi": 0.6000000000000001,
        "acc": 0.49412141318898783,
        "conf": 0.5734941757513187,
        "n": 34362
      },
      {
        "lo": 0.6000000000000001,
        "hi": 0.7000000000000001,
        "acc": 0.0,
        "conf": 0.6007170138911686,
        "n": 1
      }
    ],
    "calibration_curve": {
      "fraction_pos": [
        0.49412141318898783,
        0.0
      ],
      "mean_predicted": [
        0.5734941757513184,
        0.6007170138911686
      ]
    }
  },
  "improvement": {
    "brier_delta": 0.200210511545575,
    "ece_delta": 0.3758099442707695,
    "mce_delta": -0.1455191353835541
  },
  "train_site": "switzerland",
  "test_site": "kaggle",
  "variant": "cfs_plus_chol"
}