{
  "experiment_type": "external_kaggle_uci",
  "model": "lr",
  "method": "temperature",
  "split_mode": "holdout",
  "n_calibration": 34363,
  "n_evaluation": 34363,
  "metrics_before": {
    "brier_score": 0.27610643165965976,
    "ece": 0.18371563925553328,
    "mce": 0.5027596899042706,
    "bin_details": [
      {
        "lo": 0.5,
        "hi": 0.6000000000000001,
        "acc": 0.0899854862119013,
        "conf": 0.5927451761161718,
        "n": 689
      },
      {
        "lo": 0.6000000000000001,
        "hi": 0.7000000000000001,
        "acc": 0.47601778698786856,
        "conf": 0.6554565376608591,
        "n": 23163
      },
      {
        "lo": 0.7000000000000001,
        "hi": 0.8,
        "acc": 0.560376819868684,
        "conf": 0.7325989154918201,
        "n": 10509
      },
      {
        "lo": 0.8,
        "hi": 0.9,
        "acc": 1.0,
        "conf": 0.8013496740842001,
        "n": 2
      }
    ],
    "calibration_curve": {
      "fraction_pos": [
        0.0899854862119013,
        0.47601778698786856,
        0.560376819868684,
        1.0
      ],
      "mean_predicted": [
        0.5927451761161725,
        0.6554565376608555,
        0.7325989154918138,
        0.8013496740842001
      ]
    }
  },
  "metrics_after": {
    "brier_score": 0.24950165313668446,
    "ece": 0.029645168131528288,
    "mce": 0.029645168131528288,
    "bin_details": [
      {
        "lo": 0.5,
        "hi": 0.6000000000000001,
        "acc": 0.4941070337281378,
        "conf": 0.5237522018596661,
        "n": 34363
      }
    ],
    "calibration_curve": {
      "fraction_pos": [
        0.4941070337281378
      ],
      "mean_predicted": [
        0.5237522018596786
      ]
    }
  },
  "improvement": {
    "brier_delta": 0.026604778522975298,
    "ece_delta": 0.154070471124005,
    "mce_delta": 0.47311452177274227
  },
  "train_site": "va",
  "test_site": "kaggle",
  "variant": "cfs"
}