{
  "experiment_type": "external_uci",
  "model": "lr",
  "method": "temperature",
  "split_mode": "holdout",
  "n_calibration": 151,
  "n_evaluation": 152,
  "metrics_before": {
    "brier_score": 0.4322698388986299,
    "ece": 0.4503209536496765,
    "mce": 0.7667637028036124,
    "bin_details": [
      {
        "lo": 0.7000000000000001,
        "hi": 0.8,
        "acc": 0.0,
        "conf": 0.7667637028036124,
        "n": 3
      },
      {
        "lo": 0.8,
        "hi": 0.9,
        "acc": 0.21875,
        "conf": 0.863540406051091,
        "n": 64
      },
      {
        "lo": 0.9,
        "hi": 1.0,
        "acc": 0.6352941176470588,
        "conf": 0.9280224454008255,
        "n": 85
      }
    ],
    "calibration_curve": {
      "fraction_pos": [
        0.0,
        0.21875,
        0.6352941176470588
      ],
      "mean_predicted": [
        0.7667637028036124,
        0.863540406051091,
        0.9280224454008257
      ]
    }
  },
  "metrics_after": {
    "brier_score": 0.2537727919555981,
    "ece": 0.1086888381053776,
    "mce": 0.1086888381053776,
    "bin_details": [
      {
        "lo": 0.5,
        "hi": 0.6000000000000001,
        "acc": 0.4473684210526316,
        "conf": 0.5560572591580092,
        "n": 152
      }
    ],
    "calibration_curve": {
      "fraction_pos": [
        0.4473684210526316
      ],
      "mean_predicted": [
        0.5560572591580091
      ]
    }
  },
  "improvement": {
    "brier_delta": 0.1784970469430318,
    "ece_delta": 0.3416321155442989,
    "mce_delta": 0.6580748646982348
  },
  "train_sites": [
    "va"
  ],
  "test_site": "cleveland"
}