{
  "experiment_type": "external_uci",
  "train_sites": [
    "hungary"
  ],
  "test_site": "cleveland",
  "model": "rf",
  "features_used": [
    "age",
    "sex",
    "cp",
    "trestbps",
    "chol",
    "thalach",
    "exang",
    "oldpeak"
  ],
  "n_train": 294,
  "n_test": 303,
  "best_params": {
    "max_depth": 10,
    "min_samples_leaf": 10
  },
  "metrics": {
    "roc_auc": 0.8624320056150201,
    "pr_auc": 0.8626290230511805,
    "brier_score": 0.16001354396332232,
    "accuracy": 0.768976897689769,
    "f1": 0.7619047619047619,
    "precision": 0.7225806451612903,
    "recall": 0.8057553956834532,
    "specificity": 0.7378048780487805,
    "confusion_matrix": [
      [
        121,
        43
      ],
      [
        27,
        112
      ]
    ],
    "n_test": 303,
    "prevalence": 0.45874587458745875,
    "ece": 0.11789390039123268,
    "mce": 0.24574098730384722
  },
  "bootstrap_cis": {
    "roc_auc": {
      "point": 0.8624320056150201,
      "ci_lower": 0.8198536411250694,
      "ci_upper": 0.89962634231865
    },
    "pr_auc": {
      "point": 0.8626290230511805,
      "ci_lower": 0.8109055777215302,
      "ci_upper": 0.9066731717491388
    },
    "brier_score": {
      "point": 0.16001354396332232,
      "ci_lower": 0.14344820965190136,
      "ci_upper": 0.1781108132884996
    },
    "accuracy": {
      "point": 0.768976897689769,
      "ci_lower": 0.7260726072607261,
      "ci_upper": 0.8136138613861386
    },
    "ece": {
      "point": 0.11789390039123268,
      "ci_lower": 0.08771106644344581,
      "ci_upper": 0.16289647758686704
    }
  }
}