{
  "experiment_type": "external_kaggle_uci",
  "variant": "cfs_plus_chol",
  "train_site": "kaggle",
  "test_site": "va",
  "model": "lgbm",
  "features_used": [
    "age",
    "sex",
    "sys_bp",
    "cholesterol"
  ],
  "include_cholesterol": true,
  "n_train": 68726,
  "n_test": 200,
  "best_params": {
    "num_leaves": 15,
    "max_depth": 3,
    "learning_rate": 0.05
  },
  "metrics": {
    "roc_auc": 0.6286353467561522,
    "pr_auc": 0.8335886808142595,
    "brier_score": 0.24790878750866155,
    "accuracy": 0.595,
    "f1": 0.6966292134831461,
    "precision": 0.788135593220339,
    "recall": 0.6241610738255033,
    "specificity": 0.5098039215686274,
    "confusion_matrix": [
      [
        26,
        25
      ],
      [
        56,
        93
      ]
    ],
    "n_test": 200,
    "prevalence": 0.745,
    "ece": 0.20406596168295613,
    "mce": 0.4901948382179651
  },
  "bootstrap_cis": {
    "roc_auc": {
      "point": 0.6286353467561522,
      "ci_lower": 0.547334189497717,
      "ci_upper": 0.7124920704951123
    },
    "pr_auc": {
      "point": 0.8335886808142595,
      "ci_lower": 0.7736816545961556,
      "ci_upper": 0.8916000161478255
    },
    "brier_score": {
      "point": 0.24790878750866155,
      "ci_lower": 0.21993472897255253,
      "ci_upper": 0.2786949335261785
    },
    "accuracy": {
      "point": 0.595,
      "ci_lower": 0.525,
      "ci_upper": 0.66
    },
    "ece": {
      "point": 0.20406596168295613,
      "ci_lower": 0.15706581092063096,
      "ci_upper": 0.2674003144527949
    }
  }
}