{
  "experiment_type": "external_uci",
  "train_sites": [
    "hungary"
  ],
  "test_site": "switzerland",
  "model": "xgb",
  "features_used": [
    "age",
    "sex",
    "cp",
    "trestbps",
    "exang",
    "oldpeak"
  ],
  "n_train": 294,
  "n_test": 123,
  "best_params": {
    "learning_rate": 0.01,
    "max_depth": 3,
    "subsample": 0.8
  },
  "metrics": {
    "roc_auc": 0.7336956521739131,
    "pr_auc": 0.969822114179592,
    "brier_score": 0.2233516275882721,
    "accuracy": 0.6422764227642277,
    "f1": 0.7708333333333334,
    "precision": 0.961038961038961,
    "recall": 0.6434782608695652,
    "specificity": 0.625,
    "confusion_matrix": [
      [
        5,
        3
      ],
      [
        41,
        74
      ]
    ],
    "n_test": 123,
    "prevalence": 0.9349593495934959,
    "ece": 0.36396821046142075,
    "mce": 0.6818037579456965
  },
  "bootstrap_cis": {
    "roc_auc": {
      "point": 0.7336956521739131,
      "ci_lower": 0.4422624269005848,
      "ci_upper": 0.9693149717514122
    },
    "pr_auc": {
      "point": 0.969822114179592,
      "ci_lower": 0.9328140910685145,
      "ci_upper": 0.9986019836415155
    },
    "brier_score": {
      "point": 0.2233516275882721,
      "ci_lower": 0.18658465668559074,
      "ci_upper": 0.25719647854566574
    },
    "accuracy": {
      "point": 0.6422764227642277,
      "ci_lower": 0.5609756097560976,
      "ci_upper": 0.7235772357723578
    },
    "ece": {
      "point": 0.36396821046142075,
      "ci_lower": 0.31442042932262626,
      "ci_upper": 0.4109741811337691
    }
  }
}