{
  "experiment_type": "external_uci",
  "train_sites": [
    "cleveland",
    "hungary",
    "va"
  ],
  "test_site": "switzerland",
  "model": "lgbm",
  "features_used": [
    "age",
    "sex",
    "cp",
    "trestbps",
    "exang",
    "oldpeak"
  ],
  "n_train": 797,
  "n_test": 123,
  "best_params": {
    "num_leaves": 15,
    "max_depth": 3,
    "learning_rate": 0.01
  },
  "metrics": {
    "roc_auc": 0.7510869565217391,
    "pr_auc": 0.9690754276192849,
    "brier_score": 0.18119953491050445,
    "accuracy": 0.6910569105691057,
    "f1": 0.8061224489795918,
    "precision": 0.9753086419753086,
    "recall": 0.6869565217391305,
    "specificity": 0.75,
    "confusion_matrix": [
      [
        6,
        2
      ],
      [
        36,
        79
      ]
    ],
    "n_test": 123,
    "prevalence": 0.9349593495934959,
    "ece": 0.3180487282254836,
    "mce": 0.64540982441321
  },
  "bootstrap_cis": {
    "roc_auc": {
      "point": 0.7510869565217391,
      "ci_lower": 0.4795762711864407,
      "ci_upper": 0.9537035488665923
    },
    "pr_auc": {
      "point": 0.9690754276192849,
      "ci_lower": 0.9289222854820449,
      "ci_upper": 0.9971858372379351
    },
    "brier_score": {
      "point": 0.18119953491050445,
      "ci_lower": 0.1488021413733457,
      "ci_upper": 0.21376202794700552
    },
    "accuracy": {
      "point": 0.6910569105691057,
      "ci_lower": 0.6097560975609756,
      "ci_upper": 0.7723577235772358
    },
    "ece": {
      "point": 0.3180487282254836,
      "ci_lower": 0.26871971598961336,
      "ci_upper": 0.3630543808908874
    }
  },
  "timestamp": "2026-03-01T23:05:18Z",
  "config_hash": "93bf3a3395d35eb1"
}