{
  "experiment_type": "external_kaggle_uci",
  "variant": "cfs",
  "train_site": "kaggle",
  "test_site": "cleveland",
  "model": "rf",
  "features_used": [
    "age",
    "sex",
    "sys_bp"
  ],
  "include_cholesterol": false,
  "n_train": 68726,
  "n_test": 303,
  "best_params": {
    "max_depth": 5,
    "min_samples_leaf": 1
  },
  "metrics": {
    "roc_auc": 0.5758247060887876,
    "pr_auc": 0.5172796123437253,
    "brier_score": 0.28037867892819834,
    "accuracy": 0.5214521452145214,
    "f1": 0.5510835913312694,
    "precision": 0.483695652173913,
    "recall": 0.6402877697841727,
    "specificity": 0.42073170731707316,
    "confusion_matrix": [
      [
        69,
        95
      ],
      [
        50,
        89
      ]
    ],
    "n_test": 303,
    "prevalence": 0.45874587458745875,
    "ece": 0.18856575168869222,
    "mce": 0.32883212528203126
  },
  "bootstrap_cis": {
    "roc_auc": {
      "point": 0.5758247060887876,
      "ci_lower": 0.5072983720085065,
      "ci_upper": 0.6382705169559137
    },
    "pr_auc": {
      "point": 0.5172796123437253,
      "ci_lower": 0.4433160033062054,
      "ci_upper": 0.6058006029742298
    },
    "brier_score": {
      "point": 0.28037867892819834,
      "ci_lower": 0.25482190842318286,
      "ci_upper": 0.30709983883536185
    },
    "accuracy": {
      "point": 0.5214521452145214,
      "ci_lower": 0.46204620462046203,
      "ci_upper": 0.5775577557755776
    },
    "ece": {
      "point": 0.18856575168869222,
      "ci_lower": 0.1451610493088937,
      "ci_upper": 0.25148474616589567
    }
  },
  "timestamp": "2026-03-01T23:06:29Z",
  "config_hash": "93bf3a3395d35eb1"
}