{
  "experiment_type": "external_uci",
  "model": "lr",
  "calibration_metrics": {
    "brier_score": 0.5570700984411562,
    "ece": 0.5726004415311852,
    "mce": 0.5726004415311852,
    "bin_details": [
      {
        "lo": 0.9,
        "hi": 1.0,
        "acc": 0.36054421768707484,
        "conf": 0.93314465921826,
        "n": 294
      }
    ],
    "calibration_curve": {
      "fraction_pos": [
        0.36054421768707484
      ],
      "mean_predicted": [
        0.9331446592182592
      ]
    }
  },
  "n": 294,
  "train_sites": [
    "switzerland"
  ],
  "test_site": "hungary",
  "flags": {
    "ece_moderate": true,
    "ece_severe": true,
    "mce_large": true
  }
}