{
  "experiment_type": "external_kaggle_uci",
  "model": "rf",
  "calibration_metrics": {
    "brier_score": 0.23193310872726042,
    "ece": 0.06624045839128921,
    "mce": 0.234087625403408,
    "bin_details": [
      {
        "lo": 0.30000000000000004,
        "hi": 0.4,
        "acc": 0.20337468982630272,
        "conf": 0.3924508589028584,
        "n": 10075
      },
      {
        "lo": 0.4,
        "hi": 0.5,
        "acc": 0.45947592931139547,
        "conf": 0.4634711113357403,
        "n": 27897
      },
      {
        "lo": 0.5,
        "hi": 0.6000000000000001,
        "acc": 0.590178505295904,
        "conf": 0.5287849427262162,
        "n": 27002
      },
      {
        "lo": 0.6000000000000001,
        "hi": 0.7000000000000001,
        "acc": 0.8512793176972282,
        "conf": 0.6171916922938202,
        "n": 3752
      }
    ],
    "calibration_curve": {
      "fraction_pos": [
        0.20337468982630272,
        0.45947592931139547,
        0.590178505295904,
        0.8512793176972282
      ],
      "mean_predicted": [
        0.39245085890288095,
        0.46347111133576874,
        0.5287849427262021,
        0.617191692293812
      ]
    }
  },
  "n": 68726,
  "train_site": "va",
  "test_site": "kaggle",
  "variant": "cfs",
  "flags": {
    "ece_moderate": true,
    "ece_severe": false,
    "mce_large": true
  }
}