{
  "experiment_type": "external_uci",
  "model": "lgbm",
  "calibration_metrics": {
    "brier_score": 0.22878313437979372,
    "ece": 0.1991893578450103,
    "mce": 0.24769166048244196,
    "bin_details": [
      {
        "lo": 0.6000000000000001,
        "hi": 0.7000000000000001,
        "acc": 0.6666666666666666,
        "conf": 0.6347037493879474,
        "n": 6
      },
      {
        "lo": 0.7000000000000001,
        "hi": 0.8,
        "acc": 0.5,
        "conf": 0.747691660482442,
        "n": 8
      },
      {
        "lo": 0.8,
        "hi": 0.9,
        "acc": 0.6428571428571429,
        "conf": 0.8527930540417336,
        "n": 14
      },
      {
        "lo": 0.9,
        "hi": 1.0,
        "acc": 0.7674418604651163,
        "conf": 0.9693340582842206,
        "n": 172
      }
    ],
    "calibration_curve": {
      "fraction_pos": [
        0.6666666666666666,
        0.5,
        0.6428571428571429,
        0.7674418604651163
      ],
      "mean_predicted": [
        0.6347037493879474,
        0.7476916604824421,
        0.8527930540417336,
        0.96933405828422
      ]
    }
  },
  "n": 200,
  "train_sites": [
    "switzerland"
  ],
  "test_site": "va",
  "flags": {
    "ece_moderate": true,
    "ece_severe": true,
    "mce_large": true
  }
}