{
  "experiment_type": "external_uci",
  "train_sites": [
    "cleveland"
  ],
  "test_site": "hungary",
  "model": "rf",
  "features_used": [
    "age",
    "sex",
    "cp",
    "trestbps",
    "chol",
    "thalach",
    "exang",
    "oldpeak"
  ],
  "n_train": 303,
  "n_test": 294,
  "best_params": {
    "max_depth": 5,
    "min_samples_leaf": 1
  },
  "metrics": {
    "roc_auc": 0.8964271376957045,
    "pr_auc": 0.8425185592338275,
    "brier_score": 0.1552846703417359,
    "accuracy": 0.7925170068027211,
    "f1": 0.7489711934156379,
    "precision": 0.6642335766423357,
    "recall": 0.8584905660377359,
    "specificity": 0.7553191489361702,
    "confusion_matrix": [
      [
        142,
        46
      ],
      [
        15,
        91
      ]
    ],
    "n_test": 294,
    "prevalence": 0.36054421768707484,
    "ece": 0.1703002950637372,
    "mce": 0.25675489816194036
  },
  "bootstrap_cis": {
    "roc_auc": {
      "point": 0.8964271376957045,
      "ci_lower": 0.8587151213042394,
      "ci_upper": 0.934397989603338
    },
    "pr_auc": {
      "point": 0.8425185592338275,
      "ci_lower": 0.7747285150694698,
      "ci_upper": 0.9053023957289349
    },
    "brier_score": {
      "point": 0.1552846703417359,
      "ci_lower": 0.1366272387512036,
      "ci_upper": 0.17323142056299526
    },
    "accuracy": {
      "point": 0.7925170068027211,
      "ci_lower": 0.7482993197278912,
      "ci_upper": 0.8367346938775511
    },
    "ece": {
      "point": 0.1703002950637372,
      "ci_lower": 0.13827979207019825,
      "ci_upper": 0.21285669971357668
    }
  }
}