{
  "experiment_type": "internal",
  "site": "switzerland",
  "model": "lgbm",
  "features_used": [
    "age",
    "sex",
    "cp",
    "trestbps",
    "restecg",
    "thalach",
    "exang",
    "oldpeak",
    "slope",
    "ca"
  ],
  "n_train": 98,
  "n_test": 615,
  "best_params": {
    "num_leaves": 15,
    "max_depth": 3,
    "learning_rate": 0.1
  },
  "metrics": {
    "n_test": 615,
    "roc_auc": 0.696086956521739,
    "pr_auc": 0.9664598490584543,
    "brier_score": 0.0632932897800699,
    "accuracy": 0.9239999999999999,
    "ece": 0.07277014259759557,
    "mce": 0.44907242564828176,
    "f1": 0.9602420598211532,
    "precision": 0.9345101449275363,
    "recall": 0.9878260869565217,
    "specificity": 0.0,
    "prevalence": 0.9353333333333331,
    "confusion_matrix": [
      [
        0,
        40
      ],
      [
        7,
        568
      ]
    ]
  },
  "bootstrap_cis": {
    "roc_auc": {
      "point": 0.4347826086956522,
      "ci_lower": NaN,
      "ci_upper": NaN
    },
    "pr_auc": {
      "point": 0.9064850710856522,
      "ci_lower": 0.7419984979013449,
      "ci_upper": 1.0
    },
    "brier_score": {
      "point": 0.07745088328705708,
      "ci_lower": 0.004395796930108317,
      "ci_upper": 0.19634315458459614
    },
    "accuracy": {
      "point": 0.92,
      "ci_lower": 0.8,
      "ci_upper": 1.0
    },
    "ece": {
      "point": 0.026618970303409196,
      "ci_lower": 0.021061609279936697,
      "ci_upper": 0.1615060924503921
    }
  },
  "timestamp": "2026-03-01T23:01:51Z",
  "config_hash": "93bf3a3395d35eb1"
}