{
  "experiment_type": "external_uci",
  "train_sites": [
    "cleveland"
  ],
  "test_site": "switzerland",
  "model": "xgb",
  "features_used": [
    "age",
    "sex",
    "cp",
    "trestbps",
    "exang",
    "oldpeak"
  ],
  "n_train": 303,
  "n_test": 123,
  "best_params": {
    "learning_rate": 0.01,
    "max_depth": 3,
    "subsample": 0.7
  },
  "metrics": {
    "roc_auc": 0.7706521739130434,
    "pr_auc": 0.9759101545894198,
    "brier_score": 0.195405974984169,
    "accuracy": 0.6504065040650406,
    "f1": 0.774869109947644,
    "precision": 0.9736842105263158,
    "recall": 0.6434782608695652,
    "specificity": 0.75,
    "confusion_matrix": [
      [
        6,
        2
      ],
      [
        41,
        74
      ]
    ],
    "n_test": 123,
    "prevalence": 0.9349593495934959,
    "ece": 0.3308124430780488,
    "mce": 0.7981492280960083
  },
  "bootstrap_cis": {
    "roc_auc": {
      "point": 0.7706521739130434,
      "ci_lower": 0.5207733050847457,
      "ci_upper": 0.9541727053140097
    },
    "pr_auc": {
      "point": 0.9759101545894198,
      "ci_lower": 0.9429576126215766,
      "ci_upper": 0.9976094293297394
    },
    "brier_score": {
      "point": 0.195405974984169,
      "ci_lower": 0.16068299673497677,
      "ci_upper": 0.2293647091835737
    },
    "accuracy": {
      "point": 0.6504065040650406,
      "ci_lower": 0.5691056910569106,
      "ci_upper": 0.7317073170731707
    },
    "ece": {
      "point": 0.3308124430780488,
      "ci_lower": 0.2816565577273931,
      "ci_upper": 0.38096461078015775
    }
  }
}