{
  "train_sites": [
    "hungary"
  ],
  "test_site": "switzerland",
  "model": "lgbm",
  "experiment_type": "external_uci",
  "n_train": 294,
  "n_test": 123,
  "K": 20,
  "metrics_mean": {
    "accuracy": 0.6471544715447155,
    "brier_score": 0.2590043160590446,
    "ece": 0.33349105846852545,
    "f1": 0.7703263472726534,
    "mce": 0.8279099053287361,
    "n_test": 123.0,
    "pr_auc": 0.9682223489808832,
    "precision": 0.9618149066475988,
    "prevalence": 0.9349593495934958,
    "recall": 0.6478260869565217,
    "roc_auc": 0.7169021739130435,
    "specificity": 0.6375
  },
  "metrics_std": {
    "accuracy": 0.0932360436933632,
    "brier_score": 0.06372665368644433,
    "ece": 0.07093563281746398,
    "f1": 0.0729681894726505,
    "mce": 0.048212124644348896,
    "n_test": 0.0,
    "pr_auc": 0.008288934306213195,
    "precision": 0.011780875044287785,
    "prevalence": 1.1390647892519134e-16,
    "recall": 0.09952628819356173,
    "roc_auc": 0.05900126493351524,
    "specificity": 0.08977310580745099
  }
}