{
  "train_sites": [
    "hungary"
  ],
  "test_site": "switzerland",
  "model": "lr",
  "experiment_type": "external_uci",
  "n_train": 294,
  "n_test": 123,
  "K": 20,
  "metrics_mean": {
    "accuracy": 0.6166666666666667,
    "brier_score": 0.23749925757182772,
    "ece": 0.3543355494200523,
    "f1": 0.747276294154341,
    "mce": 0.7507854859818242,
    "n_test": 123.0,
    "pr_auc": 0.9670385978422997,
    "precision": 0.9659875216598591,
    "prevalence": 0.9349593495934958,
    "recall": 0.6117391304347827,
    "roc_auc": 0.734836956521739,
    "specificity": 0.6875
  },
  "metrics_std": {
    "accuracy": 0.05490537996722275,
    "brier_score": 0.03629510069443911,
    "ece": 0.04271463110822117,
    "f1": 0.04519448516042746,
    "mce": 0.06233620675642032,
    "n_test": 0.0,
    "pr_auc": 0.007003782855413798,
    "precision": 0.008092493577065145,
    "prevalence": 1.1390647892519134e-16,
    "recall": 0.06221302637455859,
    "roc_auc": 0.03291140011737274,
    "specificity": 0.08603090020146066
  }
}