{
  "train_sites": [
    "hungary"
  ],
  "test_site": "switzerland",
  "model": "rf",
  "experiment_type": "external_uci",
  "n_train": 294,
  "n_test": 123,
  "K": 20,
  "metrics_mean": {
    "accuracy": 0.6195121951219512,
    "brier_score": 0.23760991211779509,
    "ece": 0.3715838319792296,
    "f1": 0.7487365593872802,
    "mce": 0.7813473481714003,
    "n_test": 123.0,
    "pr_auc": 0.9717587118732893,
    "precision": 0.9648820553396691,
    "prevalence": 0.9349593495934958,
    "recall": 0.6156521739130435,
    "roc_auc": 0.7513315217391304,
    "specificity": 0.675
  },
  "metrics_std": {
    "accuracy": 0.07031462865183628,
    "brier_score": 0.03848681284082335,
    "ece": 0.04733897141551918,
    "f1": 0.059974797013257385,
    "mce": 0.06479018128511715,
    "n_test": 0.0,
    "pr_auc": 0.006442594269429352,
    "precision": 0.008052887279441975,
    "prevalence": 1.1390647892519134e-16,
    "recall": 0.07867169060087498,
    "roc_auc": 0.031954476089976154,
    "specificity": 0.08506963092234006
  }
}