{
  "experiment_type": "external_kaggle_uci",
  "variant": "cfs_plus_chol",
  "train_site": "hungary",
  "test_site": "kaggle",
  "model": "lr",
  "features_used": [
    "age",
    "sex",
    "sys_bp",
    "cholesterol"
  ],
  "include_cholesterol": true,
  "n_train": 294,
  "n_test": 68726,
  "best_params": {
    "C": 0.001
  },
  "metrics": {
    "roc_auc": 0.6710444387102624,
    "pr_auc": 0.6495804144571214,
    "brier_score": 0.2674448419786129,
    "accuracy": 0.5053254954456828,
    "f1": 0.0,
    "precision": 0.0,
    "recall": 0.0,
    "specificity": 1.0,
    "confusion_matrix": [
      [
        34729,
        0
      ],
      [
        33997,
        0
      ]
    ],
    "n_test": 68726,
    "prevalence": 0.49467450455431716,
    "ece": 0.14420805369920336,
    "mce": 0.14420805369920336
  },
  "bootstrap_cis": {
    "roc_auc": {
      "point": 0.6710444387102624,
      "ci_lower": 0.6669948972958091,
      "ci_upper": 0.6751774607760126
    },
    "pr_auc": {
      "point": 0.6495804144571214,
      "ci_lower": 0.64381980232926,
      "ci_upper": 0.6552151061667528
    },
    "brier_score": {
      "point": 0.2674448419786129,
      "ci_lower": 0.266339936188573,
      "ci_upper": 0.2686639553343089
    },
    "accuracy": {
      "point": 0.5053254954456828,
      "ci_lower": 0.5012222448563862,
      "ci_upper": 0.5089784070075372
    },
    "ece": {
      "point": 0.14420805369920336,
      "ci_lower": 0.1405509811420845,
      "ci_upper": 0.14827288892857118
    }
  }
}