{
  "experiment_type": "external_kaggle_uci",
  "variant": "cfs",
  "train_site": "cleveland",
  "test_site": "kaggle",
  "model": "rf",
  "features_used": [
    "age",
    "sex",
    "sys_bp"
  ],
  "include_cholesterol": false,
  "n_train": 303,
  "n_test": 68726,
  "best_params": {
    "max_depth": 5,
    "min_samples_leaf": 10
  },
  "metrics": {
    "roc_auc": 0.6451144348236013,
    "pr_auc": 0.607542400693177,
    "brier_score": 0.2539350353926415,
    "accuracy": 0.5972266682187236,
    "f1": 0.48639020317283604,
    "precision": 0.658709418031963,
    "recall": 0.3855340177074448,
    "specificity": 0.8044573699213914,
    "confusion_matrix": [
      [
        27938,
        6791
      ],
      [
        20890,
        13107
      ]
    ],
    "n_test": 68726,
    "prevalence": 0.49467450455431716,
    "ece": 0.12995853163107454,
    "mce": 0.43497649519651965
  },
  "bootstrap_cis": {
    "roc_auc": {
      "point": 0.6451144348236013,
      "ci_lower": 0.6409541673696595,
      "ci_upper": 0.649024973994075
    },
    "pr_auc": {
      "point": 0.607542400693177,
      "ci_lower": 0.6017692861618639,
      "ci_upper": 0.6135084343668193
    },
    "brier_score": {
      "point": 0.2539350353926415,
      "ci_lower": 0.2523733910319777,
      "ci_upper": 0.25553359090678995
    },
    "accuracy": {
      "point": 0.5972266682187236,
      "ci_lower": 0.5936617873875971,
      "ci_upper": 0.6010465471582808
    },
    "ece": {
      "point": 0.12995853163107454,
      "ci_lower": 0.12622023065853968,
      "ci_upper": 0.1337638472068076
    }
  }
}