{
  "experiment_type": "external_kaggle_uci",
  "variant": "cfs",
  "train_site": "kaggle",
  "test_site": "cleveland+hungary+switzerland+va",
  "model": "rf",
  "features_used": [
    "age",
    "sex",
    "sys_bp"
  ],
  "include_cholesterol": false,
  "n_train": 68726,
  "n_test": 920,
  "best_params": {
    "max_depth": 5,
    "min_samples_leaf": 1
  },
  "metrics": {
    "roc_auc": 0.5859970649955306,
    "pr_auc": 0.6307309940505574,
    "brier_score": 0.27088907862269057,
    "accuracy": 0.5434782608695652,
    "f1": 0.5922330097087378,
    "precision": 0.5854126679462572,
    "recall": 0.5992141453831041,
    "specificity": 0.4744525547445255,
    "confusion_matrix": [
      [
        195,
        216
      ],
      [
        204,
        305
      ]
    ],
    "n_test": 920,
    "prevalence": 0.5532608695652174,
    "ece": 0.16727566038362368,
    "mce": 0.29864439732115067
  },
  "bootstrap_cis": {
    "roc_auc": {
      "point": 0.5859970649955306,
      "ci_lower": 0.5502071964601887,
      "ci_upper": 0.620799569623099
    },
    "pr_auc": {
      "point": 0.6307309940505574,
      "ci_lower": 0.5900019692464672,
      "ci_upper": 0.6805618897963954
    },
    "brier_score": {
      "point": 0.27088907862269057,
      "ci_lower": 0.25663222205263314,
      "ci_upper": 0.2856338250774231
    },
    "accuracy": {
      "point": 0.5434782608695652,
      "ci_lower": 0.5124728260869565,
      "ci_upper": 0.5744836956521738
    },
    "ece": {
      "point": 0.16727566038362368,
      "ci_lower": 0.14448429230928592,
      "ci_upper": 0.20063967526386997
    }
  }
}