{
  "experiment_type": "external_kaggle_uci",
  "variant": "cfs",
  "train_site": "kaggle",
  "test_site": "va",
  "model": "xgb",
  "features_used": [
    "age",
    "sex",
    "sys_bp"
  ],
  "include_cholesterol": false,
  "n_train": 68726,
  "n_test": 200,
  "best_params": {
    "subsample": 1.0,
    "max_depth": 3,
    "learning_rate": 0.05
  },
  "metrics": {
    "roc_auc": 0.5278326095538887,
    "pr_auc": 0.7659493313194522,
    "brier_score": 0.22941936552524567,
    "accuracy": 0.65,
    "f1": 0.7712418300653595,
    "precision": 0.7515923566878981,
    "recall": 0.7919463087248322,
    "specificity": 0.23529411764705882,
    "confusion_matrix": [
      [
        12,
        39
      ],
      [
        31,
        118
      ]
    ],
    "n_test": 200,
    "prevalence": 0.745,
    "ece": 0.15963619859889147,
    "mce": 0.47950236996014917
  },
  "bootstrap_cis": {
    "roc_auc": {
      "point": 0.5278326095538887,
      "ci_lower": 0.4359875637688902,
      "ci_upper": 0.6331706810035843
    },
    "pr_auc": {
      "point": 0.7659493313194522,
      "ci_lower": 0.6898415071043703,
      "ci_upper": 0.8465958313294545
    },
    "brier_score": {
      "point": 0.22941936552524567,
      "ci_lower": 0.19197479598224163,
      "ci_upper": 0.2661336839199066
    },
    "accuracy": {
      "point": 0.65,
      "ci_lower": 0.58,
      "ci_upper": 0.72
    },
    "ece": {
      "point": 0.15963619859889147,
      "ci_lower": 0.11041320889443161,
      "ci_upper": 0.22919981842488046
    }
  }
}