{
  "experiment_type": "internal_cfs",
  "variant": "cfs_plus_chol",
  "site": "hungary",
  "model": "xgb",
  "features_used": [
    "age",
    "sex",
    "sys_bp",
    "cholesterol"
  ],
  "metrics": {
    "roc_auc": 0.6309523809523808,
    "pr_auc": 0.5671129627155413,
    "brier_score": 0.22228747606277466,
    "accuracy": 0.6779661016949152,
    "f1": 0.42424242424242425,
    "precision": 0.5833333333333334,
    "recall": 0.3333333333333333,
    "specificity": 0.868421052631579,
    "confusion_matrix": [
      [
        33,
        5
      ],
      [
        14,
        7
      ]
    ],
    "n_test": 59,
    "prevalence": 0.3559322033898305,
    "ece": 0.12773143335924309,
    "mce": 0.23822613060474396
  },
  "bootstrap_cis": {
    "roc_auc": {
      "point": 0.6309523809523808,
      "ci_lower": 0.463577291381669,
      "ci_upper": 0.7845146020539151
    },
    "pr_auc": {
      "point": 0.5671129627155413,
      "ci_lower": 0.35952013619143186,
      "ci_upper": 0.7551087459995542
    },
    "brier_score": {
      "point": 0.22228747606277466,
      "ci_lower": 0.16812229342758656,
      "ci_upper": 0.28211032971739763
    },
    "accuracy": {
      "point": 0.6779661016949152,
      "ci_lower": 0.559322033898305,
      "ci_upper": 0.7966101694915254
    },
    "ece": {
      "point": 0.12773143335924309,
      "ci_lower": 0.0945934808891961,
      "ci_upper": 0.26992730208498944
    }
  },
  "best_params": {
    "subsample": 0.8,
    "max_depth": 3,
    "learning_rate": 0.01
  },
  "cfs_penalty": {
    "full_auc": 0.9010025062656641,
    "cfs_auc": 0.6309523809523808,
    "auc_drop": 0.2700501253132833,
    "relative_drop_pct": 29.97218358831712
  }
}