{
  "experiment_type": "internal",
  "site": "cleveland",
  "model": "lr",
  "features_used": [
    "age",
    "sex",
    "cp",
    "trestbps",
    "chol",
    "fbs",
    "restecg",
    "thalach",
    "exang",
    "oldpeak",
    "slope",
    "ca",
    "thal"
  ],
  "n_train": 242,
  "n_test": 61,
  "best_params": {
    "C": 0.1
  },
  "metrics": {
    "roc_auc": 0.9632034632034632,
    "pr_auc": 0.9537811275720506,
    "brier_score": 0.08271305606405797,
    "accuracy": 0.8852459016393442,
    "f1": 0.8813559322033898,
    "precision": 0.8387096774193549,
    "recall": 0.9285714285714286,
    "specificity": 0.8484848484848485,
    "confusion_matrix": [
      [
        28,
        5
      ],
      [
        2,
        26
      ]
    ],
    "n_test": 61,
    "prevalence": 0.45901639344262296,
    "ece": 0.12678568319361727,
    "mce": 0.5134385337261168
  },
  "bootstrap_cis": {
    "roc_auc": {
      "point": 0.9632034632034632,
      "ci_lower": 0.9127813110397416,
      "ci_upper": 1.0
    },
    "pr_auc": {
      "point": 0.9537811275720506,
      "ci_lower": 0.8823870848410108,
      "ci_upper": 0.9999999999999999
    },
    "brier_score": {
      "point": 0.08271305606405797,
      "ci_lower": 0.04881264684543466,
      "ci_upper": 0.11924903549887145
    },
    "accuracy": {
      "point": 0.8852459016393442,
      "ci_lower": 0.8032786885245902,
      "ci_upper": 0.9594262295081963
    },
    "ece": {
      "point": 0.12678568319361727,
      "ci_lower": 0.1018308017938373,
      "ci_upper": 0.1995121604064927
    }
  },
  "timestamp": "2026-03-01T22:54:49Z",
  "config_hash": "93bf3a3395d35eb1"
}