{
  "experiment_type": "internal",
  "site": "hungary",
  "model": "xgb",
  "best_params": {
    "learning_rate": 0.01,
    "max_depth": 3,
    "subsample": 0.7
  },
  "metrics": {
    "roc_auc": 0.9010025062656641,
    "pr_auc": 0.8831664161185242,
    "brier_score": 0.11388139426708221,
    "accuracy": 0.864406779661017,
    "f1": 0.7894736842105263,
    "precision": 0.8823529411764706,
    "recall": 0.7142857142857143,
    "specificity": 0.9473684210526315,
    "confusion_matrix": [
      [
        36,
        2
      ],
      [
        6,
        15
      ]
    ],
    "n_test": 59,
    "prevalence": 0.3559322033898305,
    "ece": 0.12990944504232732,
    "mce": 0.32118362188339233
  },
  "bootstrap_cis": {
    "roc_auc": {
      "point": 0.9010025062656641,
      "ci_lower": 0.8084134615384615,
      "ci_upper": 0.9675260180995475
    },
    "pr_auc": {
      "point": 0.8831664161185242,
      "ci_lower": 0.7546405500095547,
      "ci_upper": 0.9618656072156072
    },
    "brier_score": {
      "point": 0.11388139426708221,
      "ci_lower": 0.07168063297867774,
      "ci_upper": 0.16268300600349903
    },
    "accuracy": {
      "point": 0.864406779661017,
      "ci_lower": 0.7796610169491526,
      "ci_upper": 0.9322033898305084
    },
    "ece": {
      "point": 0.12990944504232732,
      "ci_lower": 0.08943881094140017,
      "ci_upper": 0.22426445658587046
    }
  }
}