{
  "experiment_type": "internal_cfs",
  "variant": "cfs",
  "site": "switzerland",
  "model": "rf",
  "features_used": [
    "age",
    "sex",
    "sys_bp"
  ],
  "metrics": {
    "n_test": 615,
    "roc_auc": 0.3843478260869565,
    "pr_auc": 0.9255201317483689,
    "brier_score": 0.14314523941941765,
    "accuracy": 0.8716000000000002,
    "ece": 0.2507790749710328,
    "mce": 0.48734731018536914,
    "f1": 0.9300125652541159,
    "precision": 0.9324481460568417,
    "recall": 0.9304347826086956,
    "specificity": 0.02,
    "prevalence": 0.9353333333333331,
    "confusion_matrix": [
      [
        1,
        39
      ],
      [
        40,
        535
      ]
    ]
  },
  "bootstrap_cis": {
    "roc_auc": {
      "point": 0.25,
      "ci_lower": NaN,
      "ci_upper": NaN
    },
    "pr_auc": {
      "point": 0.8845885542150473,
      "ci_lower": 0.7088501432301489,
      "ci_upper": 1.0
    },
    "brier_score": {
      "point": 0.14651441130760046,
      "ci_lower": 0.09264153570810088,
      "ci_upper": 0.21757628309654606
    },
    "accuracy": {
      "point": 0.88,
      "ci_lower": 0.72,
      "ci_upper": 1.0
    },
    "ece": {
      "point": 0.22142445492824897,
      "ci_lower": 0.16467347667553545,
      "ci_upper": 0.33627207780350726
    }
  },
  "best_params": {
    "max_depth": 20,
    "min_samples_leaf": 1
  },
  "cfs_penalty": {
    "full_auc": 0.7217391304347827,
    "cfs_auc": 0.3843478260869565,
    "auc_drop": 0.33739130434782616,
    "relative_drop_pct": 46.746987951807235
  },
  "timestamp": "2026-03-01T23:14:35Z",
  "config_hash": "93bf3a3395d35eb1"
}