{
  "experiment_type": "internal_cfs",
  "site": "kaggle",
  "model": "lr",
  "features_used": [
    "age",
    "sex",
    "sys_bp"
  ],
  "metrics": {
    "roc_auc": 0.7705746536305279,
    "pr_auc": 0.7555944897585993,
    "brier_score": 0.19533779470311152,
    "accuracy": 0.7095154954168486,
    "f1": 0.6833716596621997,
    "precision": 0.7415246945448287,
    "recall": 0.6336764705882353,
    "specificity": 0.7837604376619637,
    "confusion_matrix": [
      [
        5444,
        1502
      ],
      [
        2491,
        4309
      ]
    ],
    "n_test": 13746,
    "prevalence": 0.49468936417867015,
    "ece": 0.03116911009496827,
    "mce": 0.09852676063017707
  },
  "bootstrap_cis": {
    "roc_auc": {
      "point": 0.7705746536305279,
      "ci_lower": 0.7625633444235442,
      "ci_upper": 0.7786988919599366
    },
    "pr_auc": {
      "point": 0.7555944897585993,
      "ci_lower": 0.7460658084316747,
      "ci_upper": 0.7683114888497199
    },
    "brier_score": {
      "point": 0.19533779470311152,
      "ci_lower": 0.19200661199770372,
      "ci_upper": 0.1981659131018098
    },
    "accuracy": {
      "point": 0.7095154954168486,
      "ci_lower": 0.7017896115233523,
      "ci_upper": 0.7171613560308453
    },
    "ece": {
      "point": 0.03116911009496827,
      "ci_lower": 0.023609220469666917,
      "ci_upper": 0.03908152981435451
    }
  },
  "best_params": {
    "C": 10
  },
  "cfs_penalty": {
    "full_auc": 0.7851634457410952,
    "cfs_auc": 0.7705746536305279,
    "auc_drop": 0.014588792110567295,
    "relative_drop_pct": 1.8580579864867903
  }
}