{
  "experiment_type": "external_kaggle_uci",
  "variant": "cfs_plus_chol",
  "train_site": "kaggle",
  "test_site": "cleveland",
  "model": "lgbm",
  "features_used": [
    "age",
    "sex",
    "sys_bp",
    "cholesterol"
  ],
  "include_cholesterol": true,
  "n_train": 68726,
  "n_test": 303,
  "best_params": {
    "num_leaves": 15,
    "max_depth": 3,
    "learning_rate": 0.05
  },
  "metrics": {
    "roc_auc": 0.5791147569749079,
    "pr_auc": 0.5128506035761518,
    "brier_score": 0.2995384490413878,
    "accuracy": 0.5346534653465347,
    "f1": 0.6136986301369863,
    "precision": 0.49557522123893805,
    "recall": 0.8057553956834532,
    "specificity": 0.3048780487804878,
    "confusion_matrix": [
      [
        50,
        114
      ],
      [
        27,
        112
      ]
    ],
    "n_test": 303,
    "prevalence": 0.45874587458745875,
    "ece": 0.22939567679070758,
    "mce": 0.40650521862427735
  },
  "bootstrap_cis": {
    "roc_auc": {
      "point": 0.5791147569749079,
      "ci_lower": 0.5044401884384426,
      "ci_upper": 0.6367115696521896
    },
    "pr_auc": {
      "point": 0.5128506035761518,
      "ci_lower": 0.4404101492975753,
      "ci_upper": 0.5992980707903091
    },
    "brier_score": {
      "point": 0.2995384490413878,
      "ci_lower": 0.27324017816575163,
      "ci_upper": 0.3300811163339505
    },
    "accuracy": {
      "point": 0.5346534653465347,
      "ci_lower": 0.4752475247524752,
      "ci_upper": 0.5825907590759075
    },
    "ece": {
      "point": 0.22939567679070758,
      "ci_lower": 0.18367084799277056,
      "ci_upper": 0.293481703873502
    }
  }
}