{
  "experiment_type": "external_uci",
  "train_sites": [
    "cleveland"
  ],
  "test_site": "va",
  "model": "xgb",
  "features_used": [
    "age",
    "sex",
    "cp",
    "trestbps",
    "chol",
    "fbs",
    "restecg",
    "thalach",
    "exang",
    "oldpeak"
  ],
  "n_train": 303,
  "n_test": 200,
  "best_params": {
    "subsample": 0.8,
    "max_depth": 3,
    "learning_rate": 0.01
  },
  "metrics": {
    "roc_auc": 0.7303592577970786,
    "pr_auc": 0.8742649289275635,
    "brier_score": 0.17088432610034943,
    "accuracy": 0.745,
    "f1": 0.8370607028753994,
    "precision": 0.7987804878048781,
    "recall": 0.8791946308724832,
    "specificity": 0.35294117647058826,
    "confusion_matrix": [
      [
        18,
        33
      ],
      [
        18,
        131
      ]
    ],
    "n_test": 200,
    "prevalence": 0.745,
    "ece": 0.05592929229140278,
    "mce": 0.2504372298717499
  },
  "bootstrap_cis": {
    "roc_auc": {
      "point": 0.7303592577970786,
      "ci_lower": 0.6446597035040432,
      "ci_upper": 0.8030744873829665
    },
    "pr_auc": {
      "point": 0.8742649289275635,
      "ci_lower": 0.8095106761834656,
      "ci_upper": 0.9300242435058346
    },
    "brier_score": {
      "point": 0.17088432610034943,
      "ci_lower": 0.1464855533093214,
      "ci_upper": 0.1970748025923967
    },
    "accuracy": {
      "point": 0.745,
      "ci_lower": 0.685,
      "ci_upper": 0.8
    },
    "ece": {
      "point": 0.05592929229140278,
      "ci_lower": 0.04948458321020007,
      "ci_upper": 0.1304581628572196
    }
  },
  "timestamp": "2026-03-01T23:02:06Z",
  "config_hash": "93bf3a3395d35eb1"
}