{
  "experiment_type": "external_kaggle_uci",
  "model": "lr",
  "calibration_metrics": {
    "brier_score": 0.45505750557433283,
    "ece": 0.45460607810180914,
    "mce": 0.4546080728963195,
    "bin_details": [
      {
        "lo": 0.8,
        "hi": 0.9,
        "acc": 0.5,
        "conf": 0.8860609491380955,
        "n": 2
      },
      {
        "lo": 0.9,
        "hi": 1.0,
        "acc": 0.49467434957220185,
        "conf": 0.9492824224685213,
        "n": 68724
      }
    ],
    "calibration_curve": {
      "fraction_pos": [
        0.5,
        0.49467434957220185
      ],
      "mean_predicted": [
        0.8860609491380955,
        0.9492824224685364
      ]
    }
  },
  "n": 68726,
  "train_site": "switzerland",
  "test_site": "kaggle",
  "variant": "cfs_plus_chol",
  "flags": {
    "ece_moderate": true,
    "ece_severe": true,
    "mce_large": true
  }
}