{
  "experiment_type": "external_kaggle_uci",
  "model": "rf",
  "calibration_metrics": {
    "brier_score": 0.2491772942287517,
    "ece": 0.10177690618402264,
    "mce": 0.30635335304128625,
    "bin_details": [
      {
        "lo": 0.4,
        "hi": 0.5,
        "acc": 0.17478386167146975,
        "conf": 0.481137214712756,
        "n": 6940
      },
      {
        "lo": 0.5,
        "hi": 0.6000000000000001,
        "acc": 0.44929577464788734,
        "conf": 0.5533235557764903,
        "n": 25560
      },
      {
        "lo": 0.6000000000000001,
        "hi": 0.7000000000000001,
        "acc": 0.5883055223922037,
        "conf": 0.6486175968956408,
        "n": 36017
      },
      {
        "lo": 0.7000000000000001,
        "hi": 0.8,
        "acc": 0.5311004784688995,
        "conf": 0.7101306758814755,
        "n": 209
      }
    ],
    "calibration_curve": {
      "fraction_pos": [
        0.17478386167146975,
        0.44929577464788734,
        0.5883055223922037,
        0.5311004784688995
      ],
      "mean_predicted": [
        0.4811372147127551,
        0.5533235557764203,
        0.6486175968956239,
        0.7101306758814758
      ]
    }
  },
  "n": 68726,
  "train_site": "switzerland",
  "test_site": "kaggle",
  "variant": "cfs_plus_chol",
  "flags": {
    "ece_moderate": true,
    "ece_severe": true,
    "mce_large": true
  }
}