{
  "experiment_type": "internal_cfs",
  "variant": "cfs_plus_chol",
  "site": "kaggle",
  "model": "lr",
  "features_used": [
    "age",
    "sex",
    "sys_bp",
    "cholesterol"
  ],
  "metrics": {
    "roc_auc": 0.7808947595738555,
    "pr_auc": 0.762780952833104,
    "brier_score": 0.19105183380534552,
    "accuracy": 0.7170813327513459,
    "f1": 0.6909322101247715,
    "precision": 0.7516859761369531,
    "recall": 0.639264705882353,
    "specificity": 0.7932623092427297,
    "confusion_matrix": [
      [
        5510,
        1436
      ],
      [
        2453,
        4347
      ]
    ],
    "n_test": 13746,
    "prevalence": 0.49468936417867015,
    "ece": 0.03127015050838959,
    "mce": 0.08751940126546465
  },
  "bootstrap_cis": {
    "roc_auc": {
      "point": 0.7808947595738555,
      "ci_lower": 0.7730938170819317,
      "ci_upper": 0.7886114251851415
    },
    "pr_auc": {
      "point": 0.762780952833104,
      "ci_lower": 0.7526381266847881,
      "ci_upper": 0.7745698040210008
    },
    "brier_score": {
      "point": 0.19105183380534552,
      "ci_lower": 0.1877498523859104,
      "ci_upper": 0.193745142139065
    },
    "accuracy": {
      "point": 0.7170813327513459,
      "ci_lower": 0.7099356176342209,
      "ci_upper": 0.7260293903681071
    },
    "ece": {
      "point": 0.03127015050838959,
      "ci_lower": 0.024832947277868476,
      "ci_upper": 0.03788524140757829
    }
  },
  "best_params": {
    "C": 1
  },
  "cfs_penalty": {
    "full_auc": 0.7851634457410952,
    "cfs_auc": 0.7808947595738555,
    "auc_drop": 0.004268686167239744,
    "relative_drop_pct": 0.5436684795241126
  }
}