{
  "experiment_type": "external_uci",
  "model": "lr",
  "variant": "intercept_slope",
  "split_mode": "holdout",
  "n_calibration": 147,
  "n_evaluation": 147,
  "metrics_before": {
    "brier_score": 0.3554065442533277,
    "ece": 0.36642121325116683,
    "mce": 0.6986203869695254,
    "bin_details": [
      {
        "lo": 0.6000000000000001,
        "hi": 0.7000000000000001,
        "acc": 0.0,
        "conf": 0.6986203869695254,
        "n": 5
      },
      {
        "lo": 0.7000000000000001,
        "hi": 0.8,
        "acc": 0.3732394366197183,
        "conf": 0.7279634958667176,
        "n": 142
      }
    ],
    "calibration_curve": {
      "fraction_pos": [
        0.0,
        0.3732394366197183
      ],
      "mean_predicted": [
        0.6986203869695254,
        0.7279634958667178
      ]
    }
  },
  "metrics_after": {
    "brier_score": 0.19567680254399186,
    "ece": 0.18870776103003367,
    "mce": 0.2684644122763046,
    "bin_details": [
      {
        "lo": 0.2,
        "hi": 0.30000000000000004,
        "acc": 0.03225806451612903,
        "conf": 0.27900840433525,
        "n": 31
      },
      {
        "lo": 0.30000000000000004,
        "hi": 0.4,
        "acc": 0.24615384615384617,
        "conf": 0.3446014663220103,
        "n": 65
      },
      {
        "lo": 0.4,
        "hi": 0.5,
        "acc": 0.7058823529411765,
        "conf": 0.43741794066487194,
        "n": 51
      }
    ],
    "calibration_curve": {
      "fraction_pos": [
        0.03225806451612903,
        0.24615384615384617,
        0.7058823529411765
      ],
      "mean_predicted": [
        0.27900840433525004,
        0.34460146632201033,
        0.43741794066487183
      ]
    }
  },
  "improvement": {
    "brier_delta": 0.15972974170933582,
    "ece_delta": 0.17771345222113316,
    "mce_delta": 0.43015597469322087
  },
  "per_fold_params": [
    {
      "intercept": -3.970830505420967,
      "slope": 3.464128468689678
    }
  ],
  "mean_params": {
    "intercept": -3.970830505420967,
    "slope": 3.464128468689678
  },
  "train_sites": [
    "va"
  ],
  "test_site": "hungary"
}