{
  "experiment_type": "external_kaggle_uci",
  "variant": "cfs_plus_chol",
  "train_site": "kaggle",
  "test_site": "cleveland+hungary+switzerland+va",
  "model": "lr",
  "features_used": [
    "age",
    "sex",
    "sys_bp",
    "cholesterol"
  ],
  "include_cholesterol": true,
  "n_train": 68726,
  "n_test": 920,
  "best_params": {
    "C": 1
  },
  "metrics": {
    "roc_auc": 0.58729248227764,
    "pr_auc": 0.642564302224335,
    "brier_score": 0.27584407103486674,
    "accuracy": 0.5684782608695652,
    "f1": 0.6433063791554358,
    "precision": 0.5927152317880795,
    "recall": 0.7033398821218074,
    "specificity": 0.40145985401459855,
    "confusion_matrix": [
      [
        165,
        246
      ],
      [
        151,
        358
      ]
    ],
    "n_test": 920,
    "prevalence": 0.5532608695652174,
    "ece": 0.16897245314708795,
    "mce": 0.4940176165510229
  },
  "bootstrap_cis": {
    "roc_auc": {
      "point": 0.58729248227764,
      "ci_lower": 0.5505845581484617,
      "ci_upper": 0.6214620190841998
    },
    "pr_auc": {
      "point": 0.642564302224335,
      "ci_lower": 0.5996837424903606,
      "ci_upper": 0.6895001740087051
    },
    "brier_score": {
      "point": 0.27584407103486674,
      "ci_lower": 0.2581958388263328,
      "ci_upper": 0.29243461597351816
    },
    "accuracy": {
      "point": 0.5684782608695652,
      "ci_lower": 0.5385597826086956,
      "ci_upper": 0.6016576086956521
    },
    "ece": {
      "point": 0.16897245314708795,
      "ci_lower": 0.13956240603559578,
      "ci_upper": 0.2024321236273169
    }
  }
}