{
  "experiment_type": "external_uci",
  "train_sites": [
    "hungary"
  ],
  "test_site": "va",
  "model": "xgb",
  "features_used": [
    "age",
    "sex",
    "cp",
    "trestbps",
    "chol",
    "thalach",
    "exang",
    "oldpeak"
  ],
  "n_train": 294,
  "n_test": 200,
  "best_params": {
    "subsample": 0.8,
    "max_depth": 3,
    "learning_rate": 0.01
  },
  "metrics": {
    "roc_auc": 0.7045663903145151,
    "pr_auc": 0.8579412725452811,
    "brier_score": 0.1965021938085556,
    "accuracy": 0.685,
    "f1": 0.7725631768953068,
    "precision": 0.8359375,
    "recall": 0.7181208053691275,
    "specificity": 0.5882352941176471,
    "confusion_matrix": [
      [
        30,
        21
      ],
      [
        42,
        107
      ]
    ],
    "n_test": 200,
    "prevalence": 0.745,
    "ece": 0.15030501931905746,
    "mce": 0.34260495007038116
  },
  "bootstrap_cis": {
    "roc_auc": {
      "point": 0.7045663903145151,
      "ci_lower": 0.6233305785451547,
      "ci_upper": 0.7954705189204617
    },
    "pr_auc": {
      "point": 0.8579412725452811,
      "ci_lower": 0.7896084412073306,
      "ci_upper": 0.9208696976375397
    },
    "brier_score": {
      "point": 0.1965021938085556,
      "ci_lower": 0.16808446906507016,
      "ci_upper": 0.22538916096091272
    },
    "accuracy": {
      "point": 0.685,
      "ci_lower": 0.62,
      "ci_upper": 0.7526249999999999
    },
    "ece": {
      "point": 0.15030501931905746,
      "ci_lower": 0.1071077439673245,
      "ci_upper": 0.20471356665156784
    }
  },
  "timestamp": "2026-03-01T23:02:40Z",
  "config_hash": "93bf3a3395d35eb1"
}