{
  "experiment_type": "internal",
  "site": "cleveland",
  "model": "lgbm",
  "features_used": [
    "age",
    "sex",
    "cp",
    "trestbps",
    "chol",
    "fbs",
    "restecg",
    "thalach",
    "exang",
    "oldpeak",
    "slope",
    "ca",
    "thal"
  ],
  "n_train": 242,
  "n_test": 61,
  "best_params": {
    "num_leaves": 63,
    "max_depth": 7,
    "learning_rate": 0.01
  },
  "metrics": {
    "roc_auc": 0.9469696969696969,
    "pr_auc": 0.9382081492734754,
    "brier_score": 0.09112487328942424,
    "accuracy": 0.9016393442622951,
    "f1": 0.896551724137931,
    "precision": 0.8666666666666667,
    "recall": 0.9285714285714286,
    "specificity": 0.8787878787878788,
    "confusion_matrix": [
      [
        29,
        4
      ],
      [
        2,
        26
      ]
    ],
    "n_test": 61,
    "prevalence": 0.45901639344262296,
    "ece": 0.10937762199463283,
    "mce": 0.3312715405454032
  },
  "bootstrap_cis": {
    "roc_auc": {
      "point": 0.9469696969696969,
      "ci_lower": 0.8875829024141382,
      "ci_upper": 0.9877717391304348
    },
    "pr_auc": {
      "point": 0.9382081492734754,
      "ci_lower": 0.8633013542523166,
      "ci_upper": 0.9883763927707545
    },
    "brier_score": {
      "point": 0.09112487328942424,
      "ci_lower": 0.05490959025802268,
      "ci_upper": 0.13050843175526144
    },
    "accuracy": {
      "point": 0.9016393442622951,
      "ci_lower": 0.8274590163934427,
      "ci_upper": 0.9672131147540983
    },
    "ece": {
      "point": 0.10937762199463283,
      "ci_lower": 0.1036328835907167,
      "ci_upper": 0.19497281475920947
    }
  },
  "timestamp": "2026-03-01T22:54:59Z",
  "config_hash": "93bf3a3395d35eb1"
}