{
  "experiment_type": "external_uci",
  "train_sites": [
    "cleveland",
    "hungary",
    "switzerland"
  ],
  "test_site": "va",
  "model": "lgbm",
  "features_used": [
    "age",
    "sex",
    "cp",
    "trestbps",
    "chol",
    "thalach",
    "exang",
    "oldpeak"
  ],
  "n_train": 720,
  "n_test": 200,
  "best_params": {
    "num_leaves": 15,
    "max_depth": 3,
    "learning_rate": 0.01
  },
  "metrics": {
    "roc_auc": 0.7300302671404132,
    "pr_auc": 0.8770662609325616,
    "brier_score": 0.18017889486721955,
    "accuracy": 0.735,
    "f1": 0.8153310104529616,
    "precision": 0.8478260869565217,
    "recall": 0.785234899328859,
    "specificity": 0.5882352941176471,
    "confusion_matrix": [
      [
        30,
        21
      ],
      [
        32,
        117
      ]
    ],
    "n_test": 200,
    "prevalence": 0.745,
    "ece": 0.10219367112934614,
    "mce": 0.22513727958477264
  },
  "bootstrap_cis": {
    "roc_auc": {
      "point": 0.7300302671404132,
      "ci_lower": 0.6462079861654856,
      "ci_upper": 0.8098653646916146
    },
    "pr_auc": {
      "point": 0.8770662609325616,
      "ci_lower": 0.8135153031971718,
      "ci_upper": 0.9321647080725478
    },
    "brier_score": {
      "point": 0.18017889486721955,
      "ci_lower": 0.15167357536660003,
      "ci_upper": 0.21059286444391112
    },
    "accuracy": {
      "point": 0.735,
      "ci_lower": 0.68,
      "ci_upper": 0.795
    },
    "ece": {
      "point": 0.10219367112934614,
      "ci_lower": 0.07118400767015504,
      "ci_upper": 0.16330473289863826
    }
  },
  "timestamp": "2026-03-01T23:05:04Z",
  "config_hash": "93bf3a3395d35eb1"
}