{
  "experiment_type": "external_kaggle_uci",
  "variant": "cfs",
  "train_site": "kaggle",
  "test_site": "hungary",
  "model": "xgb",
  "features_used": [
    "age",
    "sex",
    "sys_bp"
  ],
  "include_cholesterol": false,
  "n_train": 68726,
  "n_test": 294,
  "best_params": {
    "subsample": 1.0,
    "max_depth": 3,
    "learning_rate": 0.05
  },
  "metrics": {
    "roc_auc": 0.5903251706142112,
    "pr_auc": 0.48009414548205054,
    "brier_score": 0.29721081256866455,
    "accuracy": 0.5714285714285714,
    "f1": 0.5298507462686567,
    "precision": 0.4382716049382716,
    "recall": 0.6698113207547169,
    "specificity": 0.5159574468085106,
    "confusion_matrix": [
      [
        97,
        91
      ],
      [
        35,
        71
      ]
    ],
    "n_test": 294,
    "prevalence": 0.36054421768707484,
    "ece": 0.23806864908915396,
    "mce": 0.41207274246741743
  },
  "bootstrap_cis": {
    "roc_auc": {
      "point": 0.5903251706142112,
      "ci_lower": 0.5222887456277622,
      "ci_upper": 0.663005824938031
    },
    "pr_auc": {
      "point": 0.48009414548205054,
      "ci_lower": 0.39798695571114656,
      "ci_upper": 0.5760885742027236
    },
    "brier_score": {
      "point": 0.29721081256866455,
      "ci_lower": 0.26471544057130814,
      "ci_upper": 0.32783004119992254
    },
    "accuracy": {
      "point": 0.5714285714285714,
      "ci_lower": 0.5170068027210885,
      "ci_upper": 0.6292517006802721
    },
    "ece": {
      "point": 0.23806864908915396,
      "ci_lower": 0.1959762177727863,
      "ci_upper": 0.2967424918815088
    }
  }
}