{
  "experiment_type": "external_kaggle_uci",
  "variant": "cfs",
  "train_site": "cleveland+hungary+switzerland+va",
  "test_site": "kaggle",
  "model": "rf",
  "features_used": [
    "age",
    "sex",
    "sys_bp"
  ],
  "include_cholesterol": false,
  "n_train": 920,
  "n_test": 68726,
  "best_params": {
    "max_depth": 5,
    "min_samples_leaf": 10
  },
  "metrics": {
    "roc_auc": 0.6347720797830227,
    "pr_auc": 0.6068513560678739,
    "brier_score": 0.26118615981235077,
    "accuracy": 0.5673835229752932,
    "f1": 0.4346238685631703,
    "precision": 0.6147060405572589,
    "recall": 0.3361473071153337,
    "specificity": 0.7937458608079703,
    "confusion_matrix": [
      [
        27566,
        7163
      ],
      [
        22569,
        11428
      ]
    ],
    "n_test": 68726,
    "prevalence": 0.49467450455431716,
    "ece": 0.14230574642629487,
    "mce": 0.37869726462402
  },
  "bootstrap_cis": {
    "roc_auc": {
      "point": 0.6347720797830227,
      "ci_lower": 0.6307948425726292,
      "ci_upper": 0.6389582026581877
    },
    "pr_auc": {
      "point": 0.6068513560678739,
      "ci_lower": 0.601199345686868,
      "ci_upper": 0.6124732224642799
    },
    "brier_score": {
      "point": 0.26118615981235077,
      "ci_lower": 0.25959253683409844,
      "ci_upper": 0.2627257164665584
    },
    "accuracy": {
      "point": 0.5673835229752932,
      "ci_lower": 0.5639848819951692,
      "ci_upper": 0.5711666618164887
    },
    "ece": {
      "point": 0.14230574642629487,
      "ci_lower": 0.1387864737075683,
      "ci_upper": 0.14631448192011154
    }
  },
  "timestamp": "2026-03-01T23:21:15Z",
  "config_hash": "93bf3a3395d35eb1"
}