{
  "experiment_type": "external_kaggle_uci",
  "variant": "cfs_plus_chol",
  "train_site": "cleveland",
  "test_site": "kaggle",
  "model": "lgbm",
  "features_used": [
    "age",
    "sex",
    "sys_bp",
    "cholesterol"
  ],
  "include_cholesterol": true,
  "n_train": 303,
  "n_test": 68726,
  "best_params": {
    "num_leaves": 15,
    "max_depth": 3,
    "learning_rate": 0.01
  },
  "metrics": {
    "roc_auc": 0.6470817112518696,
    "pr_auc": 0.6195282859224319,
    "brier_score": 0.27764206482249065,
    "accuracy": 0.5752117102697669,
    "f1": 0.4009275219568251,
    "precision": 0.6629793009840516,
    "recall": 0.2873488837250346,
    "specificity": 0.8570071122116962,
    "confusion_matrix": [
      [
        29763,
        4966
      ],
      [
        24228,
        9769
      ]
    ],
    "n_test": 68726,
    "prevalence": 0.49467450455431716,
    "ece": 0.1794724340479981,
    "mce": 0.5638052231762273
  },
  "bootstrap_cis": {
    "roc_auc": {
      "point": 0.6470817112518696,
      "ci_lower": 0.6432262552509316,
      "ci_upper": 0.6511531845007253
    },
    "pr_auc": {
      "point": 0.6195282859224319,
      "ci_lower": 0.6138347393896644,
      "ci_upper": 0.6257484692548327
    },
    "brier_score": {
      "point": 0.27764206482249065,
      "ci_lower": 0.27573607498539104,
      "ci_upper": 0.2795952791519529
    },
    "accuracy": {
      "point": 0.5752117102697669,
      "ci_lower": 0.571734132642668,
      "ci_upper": 0.5788224252830079
    },
    "ece": {
      "point": 0.1794724340479981,
      "ci_lower": 0.1767132044993427,
      "ci_upper": 0.1839316713357023
    }
  }
}