{
  "experiment_type": "external_uci",
  "train_sites": [
    "switzerland"
  ],
  "test_site": "cleveland",
  "model": "xgb",
  "features_used": [
    "age",
    "sex",
    "cp",
    "trestbps",
    "exang",
    "oldpeak"
  ],
  "n_train": 123,
  "n_test": 303,
  "best_params": {
    "subsample": 1.0,
    "max_depth": 7,
    "learning_rate": 0.01
  },
  "metrics": {
    "roc_auc": 0.7633795402702229,
    "pr_auc": 0.6387467639816851,
    "brier_score": 0.3534022569656372,
    "accuracy": 0.45874587458745875,
    "f1": 0.6289592760180995,
    "precision": 0.45874587458745875,
    "recall": 1.0,
    "specificity": 0.0,
    "confusion_matrix": [
      [
        0,
        164
      ],
      [
        0,
        139
      ]
    ],
    "n_test": 303,
    "prevalence": 0.45874587458745875,
    "ece": 0.39185235228869,
    "mce": 0.6371724843978882
  },
  "bootstrap_cis": {
    "roc_auc": {
      "point": 0.7633795402702229,
      "ci_lower": 0.7040994167608897,
      "ci_upper": 0.8199778294502063
    },
    "pr_auc": {
      "point": 0.6387467639816851,
      "ci_lower": 0.5634596782779718,
      "ci_upper": 0.7365265513768142
    },
    "brier_score": {
      "point": 0.3534022569656372,
      "ci_lower": 0.313615557551384,
      "ci_upper": 0.39238168671727175
    },
    "accuracy": {
      "point": 0.45874587458745875,
      "ci_lower": 0.40594059405940597,
      "ci_upper": 0.5148514851485149
    },
    "ece": {
      "point": 0.39185235228869,
      "ci_lower": 0.3429751448013601,
      "ci_upper": 0.43780048084829504
    }
  },
  "timestamp": "2026-03-01T23:03:35Z",
  "config_hash": "93bf3a3395d35eb1"
}