{
  "train_sites": [
    "cleveland",
    "hungary",
    "switzerland"
  ],
  "test_site": "va",
  "model": "xgb",
  "experiment_type": "external_uci",
  "n_train": 720,
  "n_test": 200,
  "K": 20,
  "metrics_mean": {
    "accuracy": 0.6875000000000001,
    "brier_score": 0.2500494383275509,
    "ece": 0.23049124707304874,
    "f1": 0.7891010851494923,
    "mce": 0.6303658964995621,
    "n_test": 200.0,
    "pr_auc": 0.8403777650160045,
    "precision": 0.7902963429085074,
    "prevalence": 0.7449999999999999,
    "recall": 0.7916107382550335,
    "roc_auc": 0.6550927753651796,
    "specificity": 0.38333333333333325
  },
  "metrics_std": {
    "accuracy": 0.033225703430041206,
    "brier_score": 0.02660190465719452,
    "ece": 0.03450847166351826,
    "f1": 0.03390069007947618,
    "mce": 0.07321287528759297,
    "n_test": 0.0,
    "pr_auc": 0.022438609382870192,
    "precision": 0.013742274843606683,
    "prevalence": 1.1390647892519134e-16,
    "recall": 0.06776354787706058,
    "roc_auc": 0.031066965340733214,
    "specificity": 0.08378889621832125
  }
}