{
  "experiment_type": "external_uci",
  "train_sites": [
    "hungary",
    "va",
    "switzerland"
  ],
  "test_site": "cleveland",
  "model": "lgbm",
  "features_used": [
    "age",
    "sex",
    "cp",
    "trestbps",
    "chol",
    "thalach",
    "exang",
    "oldpeak"
  ],
  "n_train": 617,
  "n_test": 303,
  "best_params": {
    "learning_rate": 0.01,
    "max_depth": 3,
    "num_leaves": 15
  },
  "metrics": {
    "roc_auc": 0.8553693630461484,
    "pr_auc": 0.843441017458165,
    "brier_score": 0.257048430474578,
    "accuracy": 0.6006600660066007,
    "f1": 0.6921119592875318,
    "precision": 0.5354330708661418,
    "recall": 0.9784172661870504,
    "specificity": 0.2804878048780488,
    "confusion_matrix": [
      [
        46,
        118
      ],
      [
        3,
        136
      ]
    ],
    "n_test": 303,
    "prevalence": 0.45874587458745875,
    "ece": 0.2797235196305425,
    "mce": 0.5027681116942995
  },
  "bootstrap_cis": {
    "roc_auc": {
      "point": 0.8553693630461484,
      "ci_lower": 0.8097980668065481,
      "ci_upper": 0.895614162443118
    },
    "pr_auc": {
      "point": 0.843441017458165,
      "ci_lower": 0.7847701904172133,
      "ci_upper": 0.8929884096044519
    },
    "brier_score": {
      "point": 0.257048430474578,
      "ci_lower": 0.2298070741310992,
      "ci_upper": 0.28663037854323953
    },
    "accuracy": {
      "point": 0.6006600660066007,
      "ci_lower": 0.5461221122112211,
      "ci_upper": 0.6501650165016502
    },
    "ece": {
      "point": 0.2797235196305425,
      "ci_lower": 0.2374739674044546,
      "ci_upper": 0.32749559054273497
    }
  }
}