{
  "train_sites": [
    "cleveland",
    "hungary",
    "va"
  ],
  "test_site": "switzerland",
  "model": "rf",
  "experiment_type": "external_uci",
  "n_train": 797,
  "n_test": 123,
  "K": 20,
  "metrics_mean": {
    "accuracy": 0.717479674796748,
    "brier_score": 0.18960348006043232,
    "ece": 0.3042396339052051,
    "f1": 0.8247591438860266,
    "mce": 0.7748951758778883,
    "n_test": 123.0,
    "pr_auc": 0.9732463787982712,
    "precision": 0.9678251489577935,
    "prevalence": 0.9349593495934958,
    "recall": 0.7217391304347827,
    "roc_auc": 0.7697282608695654,
    "specificity": 0.65625
  },
  "metrics_std": {
    "accuracy": 0.070328233107541,
    "brier_score": 0.03950764170638389,
    "ece": 0.050155165352834534,
    "f1": 0.050907134122828414,
    "mce": 0.11669683974506619,
    "n_test": 0.0,
    "pr_auc": 0.009161696826591561,
    "precision": 0.007621060510181401,
    "prevalence": 1.1390647892519134e-16,
    "recall": 0.07638223189146491,
    "roc_auc": 0.04376553407577723,
    "specificity": 0.07983329670731314
  }
}