{
  "experiment_type": "internal",
  "site": "cleveland",
  "model": "rf",
  "features_used": [
    "age",
    "sex",
    "cp",
    "trestbps",
    "chol",
    "fbs",
    "restecg",
    "thalach",
    "exang",
    "oldpeak",
    "slope",
    "ca",
    "thal"
  ],
  "n_train": 242,
  "n_test": 61,
  "best_params": {
    "max_depth": 5,
    "min_samples_leaf": 10
  },
  "metrics": {
    "roc_auc": 0.9696969696969697,
    "pr_auc": 0.9658685663642489,
    "brier_score": 0.10404640383031363,
    "accuracy": 0.9180327868852459,
    "f1": 0.9152542372881356,
    "precision": 0.8709677419354839,
    "recall": 0.9642857142857143,
    "specificity": 0.8787878787878788,
    "confusion_matrix": [
      [
        29,
        4
      ],
      [
        1,
        27
      ]
    ],
    "n_test": 61,
    "prevalence": 0.45901639344262296,
    "ece": 0.1850995807018776,
    "mce": 0.44952127807994546
  },
  "bootstrap_cis": {
    "roc_auc": {
      "point": 0.9696969696969697,
      "ci_lower": 0.9283263305322128,
      "ci_upper": 0.9978361093541359
    },
    "pr_auc": {
      "point": 0.9658685663642489,
      "ci_lower": 0.9128847579716453,
      "ci_upper": 0.9975955367810206
    },
    "brier_score": {
      "point": 0.10404640383031363,
      "ci_lower": 0.07907965257765368,
      "ci_upper": 0.13021361247987878
    },
    "accuracy": {
      "point": 0.9180327868852459,
      "ci_lower": 0.8360655737704918,
      "ci_upper": 0.9836065573770492
    },
    "ece": {
      "point": 0.1850995807018776,
      "ci_lower": 0.147850476960746,
      "ci_upper": 0.2546781941337879
    }
  },
  "timestamp": "2026-03-01T22:54:51Z",
  "config_hash": "93bf3a3395d35eb1"
}