{
  "train_sites": [
    "cleveland",
    "hungary",
    "switzerland"
  ],
  "test_site": "va",
  "model": "lgbm",
  "experiment_type": "external_uci",
  "n_train": 720,
  "n_test": 200,
  "K": 20,
  "metrics_mean": {
    "accuracy": 0.6815000000000001,
    "brier_score": 0.2589468148736144,
    "ece": 0.23939323326137424,
    "f1": 0.7806695108370827,
    "mce": 0.6072450450486929,
    "n_test": 200.0,
    "pr_auc": 0.8457029563346745,
    "precision": 0.7987978871139254,
    "prevalence": 0.7449999999999999,
    "recall": 0.7681208053691274,
    "roc_auc": 0.6658244505856035,
    "specificity": 0.42843137254901953
  },
  "metrics_std": {
    "accuracy": 0.036022653691078446,
    "brier_score": 0.03345393717617335,
    "ece": 0.042187708736978906,
    "f1": 0.03555101012133917,
    "mce": 0.07816242648462468,
    "n_test": 0.0,
    "pr_auc": 0.02207037754551345,
    "precision": 0.025028835339359973,
    "prevalence": 1.1390647892519134e-16,
    "recall": 0.07343834128100703,
    "roc_auc": 0.0382918382892834,
    "specificity": 0.11613667548323618
  }
}