{
  "train_sites": [
    "cleveland"
  ],
  "test_site": "switzerland",
  "model": "lgbm",
  "experiment_type": "external_uci",
  "n_train": 303,
  "n_test": 123,
  "K": 20,
  "metrics_mean": {
    "accuracy": 0.6552845528455286,
    "brier_score": 0.2644034498397407,
    "ece": 0.33342752184039404,
    "f1": 0.7758444035416547,
    "mce": 0.8099500919228589,
    "n_test": 123.0,
    "pr_auc": 0.9723760854187405,
    "precision": 0.9724841533306066,
    "prevalence": 0.9349593495934958,
    "recall": 0.6495652173913042,
    "roc_auc": 0.7569565217391305,
    "specificity": 0.7375
  },
  "metrics_std": {
    "accuracy": 0.08084596771325794,
    "brier_score": 0.05909555367788557,
    "ece": 0.06470024284608265,
    "f1": 0.062184692949791766,
    "mce": 0.046346624075540896,
    "n_test": 0.0,
    "pr_auc": 0.009932961335329098,
    "precision": 0.009957538063011053,
    "prevalence": 1.1390647892519134e-16,
    "recall": 0.08705257852423808,
    "roc_auc": 0.05907833550799635,
    "specificity": 0.10653020327834879
  }
}