{
  "experiment_type": "internal",
  "site": "kaggle",
  "model": "xgb",
  "features_used": [
    "age",
    "sex",
    "height",
    "weight",
    "sys_bp",
    "dia_bp",
    "cholesterol",
    "gluc",
    "smoke",
    "alco",
    "active"
  ],
  "n_train": 54980,
  "n_test": 13746,
  "best_params": {
    "subsample": 0.7,
    "max_depth": 3,
    "learning_rate": 0.05
  },
  "metrics": {
    "roc_auc": 0.7962479675141004,
    "pr_auc": 0.7797105179018076,
    "brier_score": 0.18275831639766693,
    "accuracy": 0.730539793394442,
    "f1": 0.7155582859775764,
    "precision": 0.7487945998071359,
    "recall": 0.6851470588235294,
    "specificity": 0.7749784048373164,
    "confusion_matrix": [
      [
        5383,
        1563
      ],
      [
        2141,
        4659
      ]
    ],
    "n_test": 13746,
    "prevalence": 0.49468936417867015,
    "ece": 0.0066165574833753,
    "mce": 0.0490107621465411
  },
  "bootstrap_cis": {
    "roc_auc": {
      "point": 0.7962479675141004,
      "ci_lower": 0.7882349961354529,
      "ci_upper": 0.8030262690266541
    },
    "pr_auc": {
      "point": 0.7797105179018076,
      "ci_lower": 0.7684983982140248,
      "ci_upper": 0.7907064509580827
    },
    "brier_score": {
      "point": 0.18275831639766693,
      "ci_lower": 0.17934588044881822,
      "ci_upper": 0.18612764067947865
    },
    "accuracy": {
      "point": 0.730539793394442,
      "ci_lower": 0.7238414811581552,
      "ci_upper": 0.7388440273534119
    },
    "ece": {
      "point": 0.0066165574833753,
      "ci_lower": 0.006520161174997089,
      "ci_upper": 0.015618434656686771
    }
  },
  "timestamp": "2026-03-01T22:54:29Z",
  "config_hash": "93bf3a3395d35eb1"
}