{
  "experiment_type": "internal_cfs",
  "variant": "cfs",
  "site": "cleveland",
  "model": "xgb",
  "features_used": [
    "age",
    "sex",
    "sys_bp"
  ],
  "metrics": {
    "roc_auc": 0.7164502164502163,
    "pr_auc": 0.6827049199554988,
    "brier_score": 0.21358631551265717,
    "accuracy": 0.6721311475409836,
    "f1": 0.6428571428571429,
    "precision": 0.6428571428571429,
    "recall": 0.6428571428571429,
    "specificity": 0.696969696969697,
    "confusion_matrix": [
      [
        23,
        10
      ],
      [
        10,
        18
      ]
    ],
    "n_test": 61,
    "prevalence": 0.45901639344262296,
    "ece": 0.06604684962600958,
    "mce": 0.22405407826105755
  },
  "bootstrap_cis": {
    "roc_auc": {
      "point": 0.7164502164502163,
      "ci_lower": 0.5764973118279569,
      "ci_upper": 0.8366948051948052
    },
    "pr_auc": {
      "point": 0.6827049199554988,
      "ci_lower": 0.5087738703203496,
      "ci_upper": 0.8584147637450025
    },
    "brier_score": {
      "point": 0.21358631551265717,
      "ci_lower": 0.16936254389584066,
      "ci_upper": 0.2660456821322441
    },
    "accuracy": {
      "point": 0.6721311475409836,
      "ci_lower": 0.5573770491803278,
      "ci_upper": 0.7868852459016393
    },
    "ece": {
      "point": 0.06604684962600958,
      "ci_lower": 0.06823733684713723,
      "ci_upper": 0.2165292120981411
    }
  },
  "best_params": {
    "subsample": 0.7,
    "max_depth": 3,
    "learning_rate": 0.01
  },
  "cfs_penalty": {
    "full_auc": 0.9491341991341992,
    "cfs_auc": 0.7164502164502163,
    "auc_drop": 0.23268398268398283,
    "relative_drop_pct": 24.515393386545053
  }
}