{
  "experiment_type": "internal_cfs",
  "variant": "cfs",
  "site": "va",
  "model": "rf",
  "features_used": [
    "age",
    "sex",
    "sys_bp"
  ],
  "metrics": {
    "roc_auc": 0.6733333333333333,
    "pr_auc": 0.8718494846528897,
    "brier_score": 0.22772273964157855,
    "accuracy": 0.675,
    "f1": 0.7719298245614035,
    "precision": 0.8148148148148148,
    "recall": 0.7333333333333333,
    "specificity": 0.5,
    "confusion_matrix": [
      [
        5,
        5
      ],
      [
        8,
        22
      ]
    ],
    "n_test": 40,
    "prevalence": 0.75,
    "ece": 0.22538271162431406,
    "mce": 0.37846967704965917
  },
  "bootstrap_cis": {
    "roc_auc": {
      "point": 0.6733333333333333,
      "ci_lower": 0.4492814309346568,
      "ci_upper": 0.8580832960143304
    },
    "pr_auc": {
      "point": 0.8718494846528897,
      "ci_lower": 0.7518466413128989,
      "ci_upper": 0.9627148982639065
    },
    "brier_score": {
      "point": 0.22772273964157855,
      "ci_lower": 0.21059049415479647,
      "ci_upper": 0.24677121966009294
    },
    "accuracy": {
      "point": 0.675,
      "ci_lower": 0.525,
      "ci_upper": 0.825
    },
    "ece": {
      "point": 0.22538271162431406,
      "ci_lower": 0.1059167933349667,
      "ci_upper": 0.3519876790485191
    }
  },
  "best_params": {
    "max_depth": 5,
    "min_samples_leaf": 10
  },
  "cfs_penalty": {
    "full_auc": 0.6666666666666667,
    "cfs_auc": 0.6733333333333333,
    "auc_drop": -0.006666666666666599,
    "relative_drop_pct": -0.9999999999999896
  }
}