{
  "train_sites": [
    "kaggle"
  ],
  "test_site": "va",
  "model": "lgbm",
  "experiment_type": "external_kaggle_uci",
  "n_train": 68726,
  "n_test": 200,
  "K": 20,
  "metrics_mean": {
    "accuracy": 0.592,
    "brier_score": 0.28866815872189316,
    "ece": 0.26141653923286295,
    "f1": 0.685658768770424,
    "mce": 0.6526943968233567,
    "n_test": 200.0,
    "pr_auc": 0.8087382848841482,
    "precision": 0.7896154962461768,
    "prevalence": 0.7449999999999999,
    "recall": 0.6218120805369127,
    "roc_auc": 0.6012106856165285,
    "specificity": 0.5049019607843137
  },
  "metrics_std": {
    "accuracy": 0.06669648455976956,
    "brier_score": 0.05281702174197261,
    "ece": 0.07426388850482663,
    "f1": 0.08789852554709429,
    "mce": 0.08811768490866313,
    "n_test": 0.0,
    "pr_auc": 0.015904901998028746,
    "precision": 0.02223343742960011,
    "prevalence": 1.1390647892519134e-16,
    "recall": 0.13799509503416368,
    "roc_auc": 0.022203382648061088,
    "specificity": 0.1506610752198254
  }
}