{
  "train_sites": [
    "kaggle"
  ],
  "test_site": "va",
  "model": "lr",
  "experiment_type": "external_kaggle_uci",
  "n_train": 68726,
  "n_test": 200,
  "K": 20,
  "metrics_mean": {
    "accuracy": 0.628,
    "brier_score": 0.2261495249841443,
    "ece": 0.17428130942979897,
    "f1": 0.7263755515425326,
    "mce": 0.7718544705221262,
    "n_test": 200.0,
    "pr_auc": 0.8198306069192942,
    "precision": 0.7876122590066899,
    "prevalence": 0.7449999999999999,
    "recall": 0.6909395973154362,
    "roc_auc": 0.6220292143703119,
    "specificity": 0.4441176470588236
  },
  "metrics_std": {
    "accuracy": 0.06798606668397499,
    "brier_score": 0.02964652864352147,
    "ece": 0.055447202252920484,
    "f1": 0.08339796078915158,
    "mce": 0.26367584718160697,
    "n_test": 0.0,
    "pr_auc": 0.006070975489939146,
    "precision": 0.018944485885102676,
    "prevalence": 1.1390647892519134e-16,
    "recall": 0.14329125843267357,
    "roc_auc": 0.012085992074667751,
    "specificity": 0.15442834939683894
  }
}