{
  "train_sites": [
    "kaggle"
  ],
  "test_site": "va",
  "model": "xgb",
  "experiment_type": "external_kaggle_uci",
  "n_train": 68726,
  "n_test": 200,
  "K": 20,
  "metrics_mean": {
    "accuracy": 0.626,
    "brier_score": 0.3128593549132347,
    "ece": 0.3084335080059245,
    "f1": 0.7391391458132393,
    "mce": 0.7360136355508501,
    "n_test": 200.0,
    "pr_auc": 0.7584863749739961,
    "precision": 0.7549949843523309,
    "prevalence": 0.7449999999999999,
    "recall": 0.7348993288590605,
    "roc_auc": 0.5275792867482563,
    "specificity": 0.3078431372549019
  },
  "metrics_std": {
    "accuracy": 0.06736780427349238,
    "brier_score": 0.05001294181284088,
    "ece": 0.06225659945145532,
    "f1": 0.0833908944177535,
    "mce": 0.06739483185073335,
    "n_test": 0.0,
    "pr_auc": 0.02760052529708432,
    "precision": 0.01436393672028379,
    "prevalence": 1.1390647892519134e-16,
    "recall": 0.12448762274499253,
    "roc_auc": 0.028564369477630237,
    "specificity": 0.10965270436692971
  }
}