{
  "experiment_type": "external_uci",
  "train_sites": [
    "cleveland",
    "hungary",
    "va"
  ],
  "test_site": "switzerland",
  "model": "rf",
  "features_used": [
    "age",
    "sex",
    "cp",
    "trestbps",
    "exang",
    "oldpeak"
  ],
  "n_train": 797,
  "n_test": 123,
  "best_params": {
    "max_depth": 5,
    "min_samples_leaf": 1
  },
  "metrics": {
    "roc_auc": 0.7652173913043478,
    "pr_auc": 0.9731027202861978,
    "brier_score": 0.17023361896760672,
    "accuracy": 0.7154471544715447,
    "f1": 0.8258706467661692,
    "precision": 0.9651162790697675,
    "recall": 0.7217391304347827,
    "specificity": 0.625,
    "confusion_matrix": [
      [
        5,
        3
      ],
      [
        32,
        83
      ]
    ],
    "n_test": 123,
    "prevalence": 0.9349593495934959,
    "ece": 0.32008145902981405,
    "mce": 0.9364798605028624
  },
  "bootstrap_cis": {
    "roc_auc": {
      "point": 0.7652173913043478,
      "ci_lower": 0.49640669515669517,
      "ci_upper": 0.977876647834275
    },
    "pr_auc": {
      "point": 0.9731027202861978,
      "ci_lower": 0.938983341541622,
      "ci_upper": 0.9990482058156234
    },
    "brier_score": {
      "point": 0.17023361896760672,
      "ci_lower": 0.14168302820226314,
      "ci_upper": 0.20081486921841074
    },
    "accuracy": {
      "point": 0.7154471544715447,
      "ci_lower": 0.6422764227642277,
      "ci_upper": 0.7886178861788617
    },
    "ece": {
      "point": 0.32008145902981405,
      "ci_lower": 0.2735508460427371,
      "ci_upper": 0.35962913143007336
    }
  },
  "timestamp": "2026-03-01T23:05:08Z",
  "config_hash": "93bf3a3395d35eb1"
}