{
  "experiment_type": "external_uci",
  "train_sites": [
    "cleveland"
  ],
  "test_site": "hungary",
  "model": "lgbm",
  "features_used": [
    "age",
    "sex",
    "cp",
    "trestbps",
    "chol",
    "thalach",
    "exang",
    "oldpeak"
  ],
  "n_train": 303,
  "n_test": 294,
  "best_params": {
    "learning_rate": 0.01,
    "max_depth": 3,
    "num_leaves": 15
  },
  "metrics": {
    "roc_auc": 0.8915596146126054,
    "pr_auc": 0.8418239440985062,
    "brier_score": 0.15038263119567857,
    "accuracy": 0.7925170068027211,
    "f1": 0.7510204081632653,
    "precision": 0.6618705035971223,
    "recall": 0.8679245283018868,
    "specificity": 0.75,
    "confusion_matrix": [
      [
        141,
        47
      ],
      [
        14,
        92
      ]
    ],
    "n_test": 294,
    "prevalence": 0.36054421768707484,
    "ece": 0.15722335854278405,
    "mce": 0.31343327717986824
  },
  "bootstrap_cis": {
    "roc_auc": {
      "point": 0.8915596146126054,
      "ci_lower": 0.8543284547988849,
      "ci_upper": 0.9303504573098759
    },
    "pr_auc": {
      "point": 0.8418239440985062,
      "ci_lower": 0.775469177738994,
      "ci_upper": 0.9031894139131318
    },
    "brier_score": {
      "point": 0.15038263119567857,
      "ci_lower": 0.13000464582325746,
      "ci_upper": 0.16972270657016103
    },
    "accuracy": {
      "point": 0.7925170068027211,
      "ci_lower": 0.7465136054421769,
      "ci_upper": 0.8351190476190475
    },
    "ece": {
      "point": 0.15722335854278405,
      "ci_lower": 0.1227537030587987,
      "ci_upper": 0.19776125942003275
    }
  }
}