{
  "train_sites": [
    "cleveland"
  ],
  "test_site": "switzerland",
  "model": "rf",
  "experiment_type": "external_uci",
  "n_train": 303,
  "n_test": 123,
  "K": 20,
  "metrics_mean": {
    "accuracy": 0.6756097560975609,
    "brier_score": 0.2089344168254325,
    "ece": 0.3315097666636319,
    "f1": 0.7926893886438379,
    "mce": 0.7363005601971937,
    "n_test": 123.0,
    "pr_auc": 0.9754048940216797,
    "precision": 0.9713652785136626,
    "prevalence": 0.9349593495934958,
    "recall": 0.672608695652174,
    "roc_auc": 0.7719565217391304,
    "specificity": 0.71875
  },
  "metrics_std": {
    "accuracy": 0.07184652566079829,
    "brier_score": 0.035463831665551775,
    "ece": 0.041893822828063004,
    "f1": 0.053794812342370504,
    "mce": 0.11280462949058095,
    "n_test": 0.0,
    "pr_auc": 0.005788718174783579,
    "precision": 0.006698302789846427,
    "prevalence": 1.1390647892519134e-16,
    "recall": 0.07613564966907609,
    "roc_auc": 0.042708212253513414,
    "specificity": 0.05553270728991491
  }
}