{
  "train_sites": [
    "cleveland"
  ],
  "test_site": "switzerland",
  "model": "xgb",
  "experiment_type": "external_uci",
  "n_train": 303,
  "n_test": 123,
  "K": 20,
  "metrics_mean": {
    "accuracy": 0.6585365853658537,
    "brier_score": 0.27383010387420653,
    "ece": 0.3226058436815089,
    "f1": 0.7791887857202632,
    "mce": 0.8279617392574222,
    "n_test": 123.0,
    "pr_auc": 0.9741990027113273,
    "precision": 0.9710965601172896,
    "prevalence": 0.9349593495934958,
    "recall": 0.6543478260869565,
    "roc_auc": 0.7604891304347825,
    "specificity": 0.71875
  },
  "metrics_std": {
    "accuracy": 0.07243004563839027,
    "brier_score": 0.055811829923186916,
    "ece": 0.056435035626002494,
    "f1": 0.056236790526546065,
    "mce": 0.03606314391666156,
    "n_test": 0.0,
    "pr_auc": 0.008976330786582153,
    "precision": 0.0081147406725772,
    "prevalence": 1.1390647892519134e-16,
    "recall": 0.08013892027368834,
    "roc_auc": 0.0565176408917337,
    "specificity": 0.09829968945713115
  }
}