{
  "experiment_type": "external_uci",
  "train_sites": [
    "hungary",
    "va",
    "switzerland"
  ],
  "test_site": "cleveland",
  "model": "lr",
  "features_used": [
    "age",
    "sex",
    "cp",
    "trestbps",
    "chol",
    "thalach",
    "exang",
    "oldpeak"
  ],
  "n_train": 617,
  "n_test": 303,
  "best_params": {
    "C": 10
  },
  "metrics": {
    "roc_auc": 0.7864976311633619,
    "pr_auc": 0.7612698731033161,
    "brier_score": 0.5276099754165313,
    "accuracy": 0.45874587458745875,
    "f1": 0.6289592760180995,
    "precision": 0.45874587458745875,
    "recall": 1.0,
    "specificity": 0.0,
    "confusion_matrix": [
      [
        0,
        164
      ],
      [
        0,
        139
      ]
    ],
    "n_test": 303,
    "prevalence": 0.45874587458745875,
    "ece": 0.5327405365954804,
    "mce": 0.8456274867997451
  },
  "bootstrap_cis": {
    "roc_auc": {
      "point": 0.7864976311633619,
      "ci_lower": 0.7349101727989319,
      "ci_upper": 0.8349756615636458
    },
    "pr_auc": {
      "point": 0.7612698731033161,
      "ci_lower": 0.6920190461604306,
      "ci_upper": 0.8242234904064605
    },
    "brier_score": {
      "point": 0.5276099754165313,
      "ci_lower": 0.4736168508650299,
      "ci_upper": 0.5792460414920518
    },
    "accuracy": {
      "point": 0.45874587458745875,
      "ci_lower": 0.40594059405940597,
      "ci_upper": 0.5148514851485149
    },
    "ece": {
      "point": 0.5327405365954804,
      "ci_lower": 0.4776962768648899,
      "ci_upper": 0.5849162397517289
    }
  },
  "timestamp": "2026-03-01T23:04:21Z",
  "config_hash": "93bf3a3395d35eb1"
}