{
  "experiment_type": "external_kaggle_uci",
  "model": "lr",
  "method": "platt",
  "split_mode": "holdout",
  "n_calibration": 34363,
  "n_evaluation": 34363,
  "metrics_before": {
    "brier_score": 0.45559892203194496,
    "ece": 0.4551978785076145,
    "mce": 0.4551978785076145,
    "bin_details": [
      {
        "lo": 0.9,
        "hi": 1.0,
        "acc": 0.4941070337281378,
        "conf": 0.9493049122357523,
        "n": 34363
      }
    ],
    "calibration_curve": {
      "fraction_pos": [
        0.4941070337281378
      ],
      "mean_predicted": [
        0.9493049122357607
      ]
    }
  },
  "metrics_after": {
    "brier_score": 0.24627931987091878,
    "ece": 0.03215768169033365,
    "mce": 0.3513183731948447,
    "bin_details": [
      {
        "lo": 0.30000000000000004,
        "hi": 0.4,
        "acc": 0.045454545454545456,
        "conf": 0.3967729186493902,
        "n": 22
      },
      {
        "lo": 0.4,
        "hi": 0.5,
        "acc": 0.48773307163886165,
        "conf": 0.44421696250497117,
        "n": 12228
      },
      {
        "lo": 0.5,
        "hi": 0.6000000000000001,
        "acc": 0.4980780536336092,
        "conf": 0.5236372463811078,
        "n": 22113
      }
    ],
    "calibration_curve": {
      "fraction_pos": [
        0.045454545454545456,
        0.48773307163886165,
        0.4980780536336092
      ],
      "mean_predicted": [
        0.3967729186493902,
        0.44421696250496645,
        0.5236372463811055
      ]
    }
  },
  "improvement": {
    "brier_delta": 0.20931960216102619,
    "ece_delta": 0.42304019681728083,
    "mce_delta": 0.1038795053127698
  },
  "train_site": "switzerland",
  "test_site": "kaggle",
  "variant": "cfs_plus_chol"
}