{
  "experiment_type": "external_kaggle_uci",
  "variant": "cfs_plus_chol",
  "train_site": "kaggle",
  "test_site": "va",
  "model": "lr",
  "features_used": [
    "age",
    "sex",
    "sys_bp",
    "cholesterol"
  ],
  "include_cholesterol": true,
  "n_train": 68726,
  "n_test": 200,
  "best_params": {
    "C": 1
  },
  "metrics": {
    "roc_auc": 0.6394262402947756,
    "pr_auc": 0.8315830105290292,
    "brier_score": 0.2106171360823737,
    "accuracy": 0.67,
    "f1": 0.7708333333333334,
    "precision": 0.7985611510791367,
    "recall": 0.7449664429530202,
    "specificity": 0.45098039215686275,
    "confusion_matrix": [
      [
        23,
        28
      ],
      [
        38,
        111
      ]
    ],
    "n_test": 200,
    "prevalence": 0.745,
    "ece": 0.12683377944770774,
    "mce": 0.4506084594592585
  },
  "bootstrap_cis": {
    "roc_auc": {
      "point": 0.6394262402947756,
      "ci_lower": 0.5468500225593593,
      "ci_upper": 0.7161935857675201
    },
    "pr_auc": {
      "point": 0.8315830105290292,
      "ci_lower": 0.7631588197575809,
      "ci_upper": 0.8987245689502871
    },
    "brier_score": {
      "point": 0.2106171360823737,
      "ci_lower": 0.18292093940733706,
      "ci_upper": 0.2396890186175331
    },
    "accuracy": {
      "point": 0.67,
      "ci_lower": 0.605,
      "ci_upper": 0.735
    },
    "ece": {
      "point": 0.12683377944770774,
      "ci_lower": 0.09114951164142496,
      "ci_upper": 0.19275913232495348
    }
  }
}