{
  "experiment_type": "internal_cfs",
  "variant": "cfs",
  "site": "kaggle",
  "model": "lgbm",
  "features_used": [
    "age",
    "sex",
    "sys_bp"
  ],
  "metrics": {
    "roc_auc": 0.7797138429227147,
    "pr_auc": 0.7676176866804381,
    "brier_score": 0.1899315343872515,
    "accuracy": 0.7140986468790921,
    "f1": 0.6946386946386947,
    "precision": 0.7364085667215815,
    "recall": 0.6573529411764706,
    "specificity": 0.7696515980420385,
    "confusion_matrix": [
      [
        5346,
        1600
      ],
      [
        2330,
        4470
      ]
    ],
    "n_test": 13746,
    "prevalence": 0.49468936417867015,
    "ece": 0.008790658622205133,
    "mce": 0.02756193128686535
  },
  "bootstrap_cis": {
    "roc_auc": {
      "point": 0.7797138429227147,
      "ci_lower": 0.7722042230295576,
      "ci_upper": 0.7877976014247545
    },
    "pr_auc": {
      "point": 0.7676176866804381,
      "ci_lower": 0.7573485107834812,
      "ci_upper": 0.7786171363237895
    },
    "brier_score": {
      "point": 0.1899315343872515,
      "ci_lower": 0.18665078901776744,
      "ci_upper": 0.19294003490883188
    },
    "accuracy": {
      "point": 0.7140986468790921,
      "ci_lower": 0.7062199912701876,
      "ci_upper": 0.7227575294631166
    },
    "ece": {
      "point": 0.008790658622205133,
      "ci_lower": 0.006765358528941556,
      "ci_upper": 0.01769086328202856
    }
  },
  "best_params": {
    "num_leaves": 15,
    "max_depth": 3,
    "learning_rate": 0.05
  },
  "cfs_penalty": {
    "full_auc": 0.7971238419064719,
    "cfs_auc": 0.7797138429227147,
    "auc_drop": 0.01740999898375717,
    "relative_drop_pct": 2.1841021518209613
  },
  "timestamp": "2026-03-01T23:06:00Z",
  "config_hash": "93bf3a3395d35eb1"
}