{
  "experiment_type": "external_kaggle_uci",
  "variant": "cfs",
  "train_site": "cleveland",
  "test_site": "kaggle",
  "model": "lr",
  "features_used": [
    "age",
    "sex",
    "sys_bp"
  ],
  "include_cholesterol": false,
  "n_train": 303,
  "n_test": 68726,
  "best_params": {
    "C": 0.1
  },
  "metrics": {
    "roc_auc": 0.6381552609720769,
    "pr_auc": 0.6188310747248228,
    "brier_score": 0.2650077956317439,
    "accuracy": 0.5555393882955505,
    "f1": 0.3693273320394764,
    "precision": 0.6195192907113666,
    "recall": 0.26308203665029267,
    "specificity": 0.8418324743010165,
    "confusion_matrix": [
      [
        29236,
        5493
      ],
      [
        25053,
        8944
      ]
    ],
    "n_test": 68726,
    "prevalence": 0.49467450455431716,
    "ece": 0.16016698184635314,
    "mce": 0.2654365959511805
  },
  "bootstrap_cis": {
    "roc_auc": {
      "point": 0.6381552609720769,
      "ci_lower": 0.6339164126381505,
      "ci_upper": 0.6421757558735185
    },
    "pr_auc": {
      "point": 0.6188310747248228,
      "ci_lower": 0.6131829976489207,
      "ci_upper": 0.6242751244935334
    },
    "brier_score": {
      "point": 0.2650077956317439,
      "ci_lower": 0.2634977958575663,
      "ci_upper": 0.2665489101443946
    },
    "accuracy": {
      "point": 0.5555393882955505,
      "ci_lower": 0.5518788377033437,
      "ci_upper": 0.5592865145650846
    },
    "ece": {
      "point": 0.16016698184635314,
      "ci_lower": 0.15658660839167737,
      "ci_upper": 0.1638965746138018
    }
  }
}