{
  "train_sites": [
    "kaggle"
  ],
  "test_site": "switzerland",
  "model": "rf",
  "experiment_type": "external_kaggle_uci",
  "n_train": 68726,
  "n_test": 123,
  "K": 20,
  "metrics_mean": {
    "accuracy": 0.5593495934959349,
    "brier_score": 0.3213847899464031,
    "ece": 0.4064309446016723,
    "f1": 0.6999977990141124,
    "mce": 0.8803254570086765,
    "n_test": 123.0,
    "pr_auc": 0.9411921879937122,
    "precision": 0.9399318740891565,
    "prevalence": 0.9349593495934958,
    "recall": 0.5647826086956522,
    "roc_auc": 0.5272554347826087,
    "specificity": 0.48125
  },
  "metrics_std": {
    "accuracy": 0.09342986633287119,
    "brier_score": 0.07081901183215757,
    "ece": 0.07307161907744415,
    "f1": 0.0847811532196252,
    "mce": 0.05174457248812593,
    "n_test": 0.0,
    "pr_auc": 0.009484734572396734,
    "precision": 0.011187666677709858,
    "prevalence": 1.1390647892519134e-16,
    "recall": 0.10572978851903833,
    "roc_auc": 0.05225021683626654,
    "specificity": 0.13617785390707565
  }
}