{
  "experiment_type": "external_uci",
  "train_sites": [
    "cleveland"
  ],
  "test_site": "switzerland",
  "model": "lgbm",
  "features_used": [
    "age",
    "sex",
    "cp",
    "trestbps",
    "exang",
    "oldpeak"
  ],
  "n_train": 303,
  "n_test": 123,
  "best_params": {
    "num_leaves": 15,
    "max_depth": 3,
    "learning_rate": 0.01
  },
  "metrics": {
    "roc_auc": 0.7445652173913043,
    "pr_auc": 0.9695276935020668,
    "brier_score": 0.19872005305445542,
    "accuracy": 0.6585365853658537,
    "f1": 0.78125,
    "precision": 0.974025974025974,
    "recall": 0.6521739130434783,
    "specificity": 0.75,
    "confusion_matrix": [
      [
        6,
        2
      ],
      [
        40,
        75
      ]
    ],
    "n_test": 123,
    "prevalence": 0.9349593495934959,
    "ece": 0.3368908196586014,
    "mce": 0.6406854222123632
  },
  "bootstrap_cis": {
    "roc_auc": {
      "point": 0.7445652173913043,
      "ci_lower": 0.46799398812110676,
      "ci_upper": 0.9388906232656231
    },
    "pr_auc": {
      "point": 0.9695276935020668,
      "ci_lower": 0.9317250297554397,
      "ci_upper": 0.9971033505941544
    },
    "brier_score": {
      "point": 0.19872005305445542,
      "ci_lower": 0.16506594002953617,
      "ci_upper": 0.23293701908166628
    },
    "accuracy": {
      "point": 0.6585365853658537,
      "ci_lower": 0.5772357723577236,
      "ci_upper": 0.7398373983739838
    },
    "ece": {
      "point": 0.3368908196586014,
      "ci_lower": 0.2878401697143467,
      "ci_upper": 0.38564215906109583
    }
  },
  "timestamp": "2026-03-01T23:02:24Z",
  "config_hash": "93bf3a3395d35eb1"
}