{
  "experiment_type": "external_kaggle_uci",
  "model": "lr",
  "variant": "intercept_only",
  "split_mode": "holdout",
  "n_calibration": 34363,
  "n_evaluation": 34363,
  "metrics_before": {
    "brier_score": 0.2673207362612846,
    "ece": 0.14367520780808296,
    "mce": 0.14367520780808296,
    "bin_details": [
      {
        "lo": 0.30000000000000004,
        "hi": 0.4,
        "acc": 0.4941070337281378,
        "conf": 0.35043182592005484,
        "n": 34363
      }
    ],
    "calibration_curve": {
      "fraction_pos": [
        0.4941070337281378
      ],
      "mean_predicted": [
        0.35043182592005334
      ]
    }
  },
  "metrics_after": {
    "brier_score": 0.26795560361955034,
    "ece": 0.14583702185283487,
    "mce": 0.14583702185283487,
    "bin_details": [
      {
        "lo": 0.30000000000000004,
        "hi": 0.4,
        "acc": 0.4941070337281378,
        "conf": 0.34827001187530293,
        "n": 34363
      }
    ],
    "calibration_curve": {
      "fraction_pos": [
        0.4941070337281378
      ],
      "mean_predicted": [
        0.34827001187530093
      ]
    }
  },
  "improvement": {
    "brier_delta": -0.0006348673582657338,
    "ece_delta": -0.0021618140447519085,
    "mce_delta": -0.0021618140447519085
  },
  "per_fold_params": [
    {
      "intercept": -0.009516307609346384,
      "slope": 1.0
    }
  ],
  "mean_params": {
    "intercept": -0.009516307609346384,
    "slope": 1.0
  },
  "train_site": "hungary",
  "test_site": "kaggle",
  "experiment_variant": "cfs_plus_chol"
}