{
  "experiment_type": "external_kaggle_uci",
  "variant": "cfs_plus_chol",
  "train_site": "kaggle",
  "test_site": "cleveland",
  "model": "lr",
  "features_used": [
    "age",
    "sex",
    "sys_bp",
    "cholesterol"
  ],
  "include_cholesterol": true,
  "n_train": 68726,
  "n_test": 303,
  "best_params": {
    "C": 1
  },
  "metrics": {
    "roc_auc": 0.6237497806632742,
    "pr_auc": 0.5781002962085381,
    "brier_score": 0.2905811799009893,
    "accuracy": 0.5577557755775577,
    "f1": 0.6277777777777778,
    "precision": 0.5113122171945701,
    "recall": 0.8129496402877698,
    "specificity": 0.34146341463414637,
    "confusion_matrix": [
      [
        56,
        108
      ],
      [
        26,
        113
      ]
    ],
    "n_test": 303,
    "prevalence": 0.45874587458745875,
    "ece": 0.2306711056704486,
    "mce": 0.3372412361227015
  },
  "bootstrap_cis": {
    "roc_auc": {
      "point": 0.6237497806632742,
      "ci_lower": 0.5544868573962382,
      "ci_upper": 0.6811160141299638
    },
    "pr_auc": {
      "point": 0.5781002962085381,
      "ci_lower": 0.4962376112312418,
      "ci_upper": 0.6682707997906654
    },
    "brier_score": {
      "point": 0.2905811799009893,
      "ci_lower": 0.2631867972677373,
      "ci_upper": 0.32435266334928636
    },
    "accuracy": {
      "point": 0.5577557755775577,
      "ci_lower": 0.5016501650165016,
      "ci_upper": 0.6155940594059406
    },
    "ece": {
      "point": 0.2306711056704486,
      "ci_lower": 0.18335246500177824,
      "ci_upper": 0.28214873757349185
    }
  }
}