{
  "experiment_type": "external_uci",
  "model": "lr",
  "method": "isotonic",
  "split_mode": "holdout",
  "n_calibration": 147,
  "n_evaluation": 147,
  "metrics_before": {
    "brier_score": 0.5572046800922319,
    "ece": 0.5726366916424455,
    "mce": 0.5726366916424455,
    "bin_details": [
      {
        "lo": 0.9,
        "hi": 1.0,
        "acc": 0.36054421768707484,
        "conf": 0.9331809093295204,
        "n": 147
      }
    ],
    "calibration_curve": {
      "fraction_pos": [
        0.36054421768707484
      ],
      "mean_predicted": [
        0.93318090932952
      ]
    }
  },
  "metrics_after": {
    "brier_score": 0.16758381112347925,
    "ece": 0.10399351550137043,
    "mce": 0.21666666666666662,
    "bin_details": [
      {
        "lo": 0.0,
        "hi": 0.1,
        "acc": 0.11666666666666667,
        "conf": 0.03070352762683054,
        "n": 60
      },
      {
        "lo": 0.2,
        "hi": 0.30000000000000004,
        "acc": 0.08333333333333333,
        "conf": 0.29999999999999993,
        "n": 12
      },
      {
        "lo": 0.4,
        "hi": 0.5,
        "acc": 0.3783783783783784,
        "conf": 0.47285146098492165,
        "n": 37
      },
      {
        "lo": 0.6000000000000001,
        "hi": 0.7000000000000001,
        "acc": 0.9,
        "conf": 0.6983122810065409,
        "n": 20
      }
    ],
    "calibration_curve": {
      "fraction_pos": [
        0.11666666666666667,
        0.08333333333333333,
        0.3783783783783784,
        0.9,
        0.7222222222222222
      ],
      "mean_predicted": [
        0.03070352762683056,
        0.29999999999999993,
        0.47285146098492187,
        0.6983122810065407,
        1.0
      ]
    }
  },
  "improvement": {
    "brier_delta": 0.38962086896875264,
    "ece_delta": 0.46864317614107504,
    "mce_delta": 0.35597002497577884
  },
  "train_sites": [
    "switzerland"
  ],
  "test_site": "hungary"
}