{
  "experiment_type": "external_kaggle_uci",
  "variant": "cfs",
  "train_site": "kaggle",
  "test_site": "cleveland",
  "model": "xgb",
  "features_used": [
    "age",
    "sex",
    "sys_bp"
  ],
  "include_cholesterol": false,
  "n_train": 68726,
  "n_test": 303,
  "best_params": {
    "subsample": 1.0,
    "max_depth": 3,
    "learning_rate": 0.05
  },
  "metrics": {
    "roc_auc": 0.5861993332163538,
    "pr_auc": 0.5167007453283916,
    "brier_score": 0.28363218903541565,
    "accuracy": 0.5346534653465347,
    "f1": 0.5688073394495413,
    "precision": 0.4946808510638298,
    "recall": 0.6690647482014388,
    "specificity": 0.42073170731707316,
    "confusion_matrix": [
      [
        69,
        95
      ],
      [
        46,
        93
      ]
    ],
    "n_test": 303,
    "prevalence": 0.45874587458745875,
    "ece": 0.19905848245416147,
    "mce": 0.4090953469276428
  },
  "bootstrap_cis": {
    "roc_auc": {
      "point": 0.5861993332163538,
      "ci_lower": 0.5198953220500616,
      "ci_upper": 0.6479802316835002
    },
    "pr_auc": {
      "point": 0.5167007453283916,
      "ci_lower": 0.4448953835851753,
      "ci_upper": 0.6019558423319958
    },
    "brier_score": {
      "point": 0.28363218903541565,
      "ci_lower": 0.25531366243958475,
      "ci_upper": 0.31465608477592466
    },
    "accuracy": {
      "point": 0.5346534653465347,
      "ci_lower": 0.4801155115511551,
      "ci_upper": 0.5874587458745875
    },
    "ece": {
      "point": 0.19905848245416147,
      "ci_lower": 0.15668285736451448,
      "ci_upper": 0.2567664814744108
    }
  }
}