{
  "experiment_type": "internal",
  "site": "hungary",
  "model": "lgbm",
  "features_used": [
    "age",
    "sex",
    "cp",
    "trestbps",
    "chol",
    "restecg",
    "thalach",
    "exang",
    "oldpeak",
    "slope",
    "ca"
  ],
  "n_train": 235,
  "n_test": 59,
  "best_params": {
    "num_leaves": 15,
    "max_depth": 3,
    "learning_rate": 0.01
  },
  "metrics": {
    "roc_auc": 0.9016290726817042,
    "pr_auc": 0.8854347171917794,
    "brier_score": 0.1128534814795095,
    "accuracy": 0.8305084745762712,
    "f1": 0.7619047619047619,
    "precision": 0.7619047619047619,
    "recall": 0.7619047619047619,
    "specificity": 0.868421052631579,
    "confusion_matrix": [
      [
        33,
        5
      ],
      [
        5,
        16
      ]
    ],
    "n_test": 59,
    "prevalence": 0.3559322033898305,
    "ece": 0.16021826719940682,
    "mce": 0.31977266708489976
  },
  "bootstrap_cis": {
    "roc_auc": {
      "point": 0.9016290726817042,
      "ci_lower": 0.8069574175824176,
      "ci_upper": 0.9679110888541462
    },
    "pr_auc": {
      "point": 0.8854347171917794,
      "ci_lower": 0.7608914425338513,
      "ci_upper": 0.9592732953541777
    },
    "brier_score": {
      "point": 0.1128534814795095,
      "ci_lower": 0.07104538805491996,
      "ci_upper": 0.16138088467861117
    },
    "accuracy": {
      "point": 0.8305084745762712,
      "ci_lower": 0.7288135593220338,
      "ci_upper": 0.9152542372881356
    },
    "ece": {
      "point": 0.16021826719940682,
      "ci_lower": 0.10637694915092762,
      "ci_upper": 0.2431623159885207
    }
  },
  "timestamp": "2026-03-01T22:55:09Z",
  "config_hash": "93bf3a3395d35eb1"
}