{
  "train_sites": [
    "kaggle"
  ],
  "test_site": "hungary",
  "model": "lgbm",
  "experiment_type": "external_kaggle_uci",
  "n_train": 68726,
  "n_test": 294,
  "K": 20,
  "metrics_mean": {
    "accuracy": 0.5561224489795918,
    "brier_score": 0.3389547142758841,
    "ece": 0.3009189929552649,
    "f1": 0.5001698485676374,
    "mce": 0.5464424560622779,
    "n_test": 294.0,
    "pr_auc": 0.4484786676781801,
    "precision": 0.42266207929775773,
    "prevalence": 0.3605442176870748,
    "recall": 0.6169811320754717,
    "roc_auc": 0.5870433560818948,
    "specificity": 0.5218085106382978
  },
  "metrics_std": {
    "accuracy": 0.030830269468322898,
    "brier_score": 0.01936209869044205,
    "ece": 0.03162051538043574,
    "f1": 0.02294534114869904,
    "mce": 0.049852842172609324,
    "n_test": 0.0,
    "pr_auc": 0.035628098883583696,
    "precision": 0.023514309208312434,
    "prevalence": 5.695323946259567e-17,
    "recall": 0.05478713442718793,
    "roc_auc": 0.026222570414076926,
    "specificity": 0.06589374881794559
  }
}