{
  "train_sites": [
    "kaggle"
  ],
  "test_site": "hungary",
  "model": "rf",
  "experiment_type": "external_kaggle_uci",
  "n_train": 68726,
  "n_test": 294,
  "K": 20,
  "metrics_mean": {
    "accuracy": 0.5508503401360545,
    "brier_score": 0.33256919748148395,
    "ece": 0.2945450071453749,
    "f1": 0.49650156563899045,
    "mce": 0.5385713738235598,
    "n_test": 294.0,
    "pr_auc": 0.4443037566908631,
    "precision": 0.4177522574052189,
    "prevalence": 0.3605442176870748,
    "recall": 0.6150943396226415,
    "roc_auc": 0.5854087213970292,
    "specificity": 0.5146276595744681
  },
  "metrics_std": {
    "accuracy": 0.03304151547724674,
    "brier_score": 0.01935357188033024,
    "ece": 0.02741903262638786,
    "f1": 0.030118439177486838,
    "mce": 0.05365730084468622,
    "n_test": 0.0,
    "pr_auc": 0.038846368689906485,
    "precision": 0.026503942490387854,
    "prevalence": 5.695323946259567e-17,
    "recall": 0.054288981147043065,
    "roc_auc": 0.024920611331235222,
    "specificity": 0.0596542768493605
  }
}