{
  "train_sites": [
    "kaggle"
  ],
  "test_site": "hungary",
  "model": "xgb",
  "experiment_type": "external_kaggle_uci",
  "n_train": 68726,
  "n_test": 294,
  "K": 20,
  "metrics_mean": {
    "accuracy": 0.5426870748299321,
    "brier_score": 0.3821736365556717,
    "ece": 0.36220179888210724,
    "f1": 0.4856680484703312,
    "mce": 0.5811834482719417,
    "n_test": 294.0,
    "pr_auc": 0.44509551559156313,
    "precision": 0.40894050474722254,
    "prevalence": 0.3605442176870748,
    "recall": 0.6009433962264151,
    "roc_auc": 0.5744530309112806,
    "specificity": 0.5098404255319149
  },
  "metrics_std": {
    "accuracy": 0.023987240186724264,
    "brier_score": 0.02355668991040577,
    "ece": 0.033205688633233095,
    "f1": 0.028932379025878977,
    "mce": 0.07244158644775145,
    "n_test": 0.0,
    "pr_auc": 0.03445304671045944,
    "precision": 0.020164081774402907,
    "prevalence": 5.695323946259567e-17,
    "recall": 0.06014260469824575,
    "roc_auc": 0.027048637637937502,
    "specificity": 0.05123138221209114
  }
}