{
  "experiment_type": "internal_cfs",
  "variant": "cfs",
  "site": "hungary",
  "model": "lr",
  "features_used": [
    "age",
    "sex",
    "sys_bp"
  ],
  "metrics": {
    "roc_auc": 0.5964912280701755,
    "pr_auc": 0.5083987192353832,
    "brier_score": 0.22777320816114585,
    "accuracy": 0.6440677966101694,
    "f1": 0.0,
    "precision": 0.0,
    "recall": 0.0,
    "specificity": 1.0,
    "confusion_matrix": [
      [
        38,
        0
      ],
      [
        21,
        0
      ]
    ],
    "n_test": 59,
    "prevalence": 0.3559322033898305,
    "ece": 0.006458501335059985,
    "mce": 0.006458501335059985
  },
  "bootstrap_cis": {
    "roc_auc": {
      "point": 0.5964912280701755,
      "ci_lower": 0.44399572649572644,
      "ci_upper": 0.7555528846153845
    },
    "pr_auc": {
      "point": 0.5083987192353832,
      "ci_lower": 0.31727996662685726,
      "ci_upper": 0.6999309126522383
    },
    "brier_score": {
      "point": 0.22777320816114585,
      "ci_lower": 0.19337682357345093,
      "ci_upper": 0.2631674797053444
    },
    "accuracy": {
      "point": 0.6440677966101694,
      "ci_lower": 0.5084745762711864,
      "ci_upper": 0.7627118644067796
    },
    "ece": {
      "point": 0.006458501335059985,
      "ci_lower": 0.006057720376511909,
      "ci_upper": 0.14488824513992213
    }
  },
  "best_params": {
    "C": 0.001
  },
  "cfs_penalty": {
    "full_auc": 0.8721804511278195,
    "cfs_auc": 0.5964912280701755,
    "auc_drop": 0.275689223057644,
    "relative_drop_pct": 31.60919540229884
  },
  "timestamp": "2026-03-01T23:07:50Z",
  "config_hash": "93bf3a3395d35eb1"
}