{
  "train_sites": [
    "kaggle"
  ],
  "test_site": "cleveland",
  "model": "lr",
  "experiment_type": "external_kaggle_uci",
  "n_train": 68726,
  "n_test": 303,
  "K": 20,
  "metrics_mean": {
    "accuracy": 0.5780528052805282,
    "brier_score": 0.2737541812705265,
    "ece": 0.16978518490249034,
    "f1": 0.6010083437636013,
    "mce": 0.3486146148485697,
    "n_test": 303.0,
    "pr_auc": 0.5722831531312376,
    "precision": 0.5306259623667049,
    "prevalence": 0.45874587458745875,
    "recall": 0.6949640287769784,
    "roc_auc": 0.6204290226355502,
    "specificity": 0.4789634146341465
  },
  "metrics_std": {
    "accuracy": 0.019867732881125404,
    "brier_score": 0.013491553890654508,
    "ece": 0.03147192300114591,
    "f1": 0.02715878283453477,
    "mce": 0.02436541222970365,
    "n_test": 0.0,
    "pr_auc": 0.014776898131708759,
    "precision": 0.017012812008206046,
    "prevalence": 0.0,
    "recall": 0.05574592876842051,
    "roc_auc": 0.02441671894854386,
    "specificity": 0.04425736399541932
  }
}