{
  "train_sites": [
    "cleveland",
    "hungary",
    "va"
  ],
  "test_site": "switzerland",
  "model": "lgbm",
  "experiment_type": "external_uci",
  "n_train": 797,
  "n_test": 123,
  "K": 20,
  "metrics_mean": {
    "accuracy": 0.6865853658536585,
    "brier_score": 0.23426436936249811,
    "ece": 0.29173224780242746,
    "f1": 0.8026020311763558,
    "mce": 0.8107681755493485,
    "n_test": 123.0,
    "pr_auc": 0.9670890698822605,
    "precision": 0.964955895328886,
    "prevalence": 0.9349593495934958,
    "recall": 0.6895652173913044,
    "roc_auc": 0.740788043478261,
    "specificity": 0.64375
  },
  "metrics_std": {
    "accuracy": 0.06586316671719175,
    "brier_score": 0.05264587265142653,
    "ece": 0.05975387963092195,
    "f1": 0.04919176017640875,
    "mce": 0.0544464312644383,
    "n_test": 0.0,
    "pr_auc": 0.011731367771936134,
    "precision": 0.008919181346325716,
    "prevalence": 1.1390647892519134e-16,
    "recall": 0.0695137109092708,
    "roc_auc": 0.05067494006942385,
    "specificity": 0.08385254915624211
  }
}