{
  "experiment_type": "external_kaggle_uci",
  "variant": "cfs",
  "train_site": "kaggle",
  "test_site": "va",
  "model": "rf",
  "features_used": [
    "age",
    "sex",
    "sys_bp"
  ],
  "include_cholesterol": false,
  "n_train": 68726,
  "n_test": 200,
  "best_params": {
    "max_depth": 5,
    "min_samples_leaf": 1
  },
  "metrics": {
    "roc_auc": 0.6104750625082248,
    "pr_auc": 0.8193978571887005,
    "brier_score": 0.2321260442342293,
    "accuracy": 0.57,
    "f1": 0.6692307692307692,
    "precision": 0.7837837837837838,
    "recall": 0.5838926174496645,
    "specificity": 0.5294117647058824,
    "confusion_matrix": [
      [
        27,
        24
      ],
      [
        62,
        87
      ]
    ],
    "n_test": 200,
    "prevalence": 0.745,
    "ece": 0.18585071113168614,
    "mce": 0.4410698100271393
  },
  "bootstrap_cis": {
    "roc_auc": {
      "point": 0.6104750625082248,
      "ci_lower": 0.5213484636520055,
      "ci_upper": 0.69668777654489
    },
    "pr_auc": {
      "point": 0.8193978571887005,
      "ci_lower": 0.7506571505830455,
      "ci_upper": 0.8849135955856552
    },
    "brier_score": {
      "point": 0.2321260442342293,
      "ci_lower": 0.2077411867860137,
      "ci_upper": 0.25539029828465615
    },
    "accuracy": {
      "point": 0.57,
      "ci_lower": 0.505,
      "ci_upper": 0.6326249999999999
    },
    "ece": {
      "point": 0.18585071113168614,
      "ci_lower": 0.13862727504484906,
      "ci_upper": 0.2515305419656745
    }
  },
  "timestamp": "2026-03-01T23:10:50Z",
  "config_hash": "93bf3a3395d35eb1"
}