{
  "train_sites": [
    "cleveland",
    "va",
    "switzerland"
  ],
  "test_site": "hungary",
  "model": "lr",
  "experiment_type": "external_uci",
  "n_train": 626,
  "n_test": 294,
  "K": 20,
  "metrics_mean": {
    "accuracy": 0.7804421768707483,
    "brier_score": 0.1690978553005895,
    "ece": 0.18500391538067432,
    "f1": 0.7481816385653153,
    "mce": 0.3774660978023913,
    "n_test": 294.0,
    "pr_auc": 0.840091383036419,
    "precision": 0.6453962852828371,
    "prevalence": 0.3605442176870748,
    "recall": 0.8957547169811321,
    "roc_auc": 0.8905886190285026,
    "specificity": 0.7154255319148937
  },
  "metrics_std": {
    "accuracy": 0.04378836721984341,
    "brier_score": 0.020064605907562972,
    "ece": 0.0411023737276372,
    "f1": 0.0313877727377551,
    "mce": 0.07713137657429231,
    "n_test": 0.0,
    "pr_auc": 0.008408457061935406,
    "precision": 0.05262909383995433,
    "prevalence": 5.695323946259567e-17,
    "recall": 0.02927409926706408,
    "roc_auc": 0.008414192883555497,
    "specificity": 0.07989913765160224
  }
}