{
  "train_sites": [
    "cleveland",
    "va",
    "switzerland"
  ],
  "test_site": "hungary",
  "model": "rf",
  "experiment_type": "external_uci",
  "n_train": 626,
  "n_test": 294,
  "K": 20,
  "metrics_mean": {
    "accuracy": 0.6630952380952381,
    "brier_score": 0.21696024980578965,
    "ece": 0.25186567133960913,
    "f1": 0.6714722683655701,
    "mce": 0.39927038904072265,
    "n_test": 294.0,
    "pr_auc": 0.7765058053339602,
    "precision": 0.5264819838816339,
    "prevalence": 0.3605442176870748,
    "recall": 0.9377358490566037,
    "roc_auc": 0.8612053392211962,
    "specificity": 0.5082446808510638
  },
  "metrics_std": {
    "accuracy": 0.07905183866800179,
    "brier_score": 0.026553668029782807,
    "ece": 0.03652377590484105,
    "f1": 0.0488548682468906,
    "mce": 0.04103848596219623,
    "n_test": 0.0,
    "pr_auc": 0.028677150461404212,
    "precision": 0.06425094063251162,
    "prevalence": 5.695323946259567e-17,
    "recall": 0.02549834936597563,
    "roc_auc": 0.016874581300349186,
    "specificity": 0.13272063420472335
  }
}