{
  "experiment_type": "external_uci",
  "model": "lr",
  "method": "temperature",
  "split_mode": "holdout",
  "n_calibration": 151,
  "n_evaluation": 152,
  "metrics_before": {
    "brier_score": 0.5366595298431506,
    "ece": 0.5427016329260481,
    "mce": 0.8161641272538076,
    "bin_details": [
      {
        "lo": 0.8,
        "hi": 0.9,
        "acc": 0.0,
        "conf": 0.8161641272538076,
        "n": 1
      },
      {
        "lo": 0.9,
        "hi": 1.0,
        "acc": 0.4503311258278146,
        "conf": 0.9912217488576524,
        "n": 151
      }
    ],
    "calibration_curve": {
      "fraction_pos": [
        0.0,
        0.4503311258278146
      ],
      "mean_predicted": [
        0.8161641272538076,
        0.9912217488576525
      ]
    }
  },
  "metrics_after": {
    "brier_score": 0.26845928173977474,
    "ece": 0.21946220639364106,
    "mce": 0.4222749177055848,
    "bin_details": [
      {
        "lo": 0.5,
        "hi": 0.6000000000000001,
        "acc": 0.16,
        "conf": 0.5822749177055848,
        "n": 25
      },
      {
        "lo": 0.6000000000000001,
        "hi": 0.7000000000000001,
        "acc": 0.4649122807017544,
        "conf": 0.6492130575454736,
        "n": 114
      },
      {
        "lo": 0.7000000000000001,
        "hi": 0.8,
        "acc": 0.8461538461538461,
        "conf": 0.708377394691552,
        "n": 13
      }
    ],
    "calibration_curve": {
      "fraction_pos": [
        0.16,
        0.4649122807017544,
        0.8461538461538461
      ],
      "mean_predicted": [
        0.5822749177055847,
        0.6492130575454736,
        0.708377394691552
      ]
    }
  },
  "improvement": {
    "brier_delta": 0.26820024810337584,
    "ece_delta": 0.32323942653240706,
    "mce_delta": 0.3938892095482228
  },
  "train_sites": [
    "hungary",
    "va",
    "switzerland"
  ],
  "test_site": "cleveland"
}