{
  "experiment_type": "external_kaggle_uci",
  "model": "lr",
  "method": "temperature",
  "split_mode": "holdout",
  "n_calibration": 34363,
  "n_evaluation": 34363,
  "metrics_before": {
    "brier_score": 0.2665954018462492,
    "ece": 0.13853946098860898,
    "mce": 0.13853946098860898,
    "bin_details": [
      {
        "lo": 0.30000000000000004,
        "hi": 0.4,
        "acc": 0.4941070337281378,
        "conf": 0.3555675727395288,
        "n": 34363
      }
    ],
    "calibration_curve": {
      "fraction_pos": [
        0.4941070337281378
      ],
      "mean_predicted": [
        0.35556757273952116
      ]
    }
  },
  "metrics_after": {
    "brier_score": 0.2497547991804187,
    "ece": 0.008976973000410338,
    "mce": 0.008976973000410338,
    "bin_details": [
      {
        "lo": 0.4,
        "hi": 0.5,
        "acc": 0.4941070337281378,
        "conf": 0.48513006072772746,
        "n": 34363
      }
    ],
    "calibration_curve": {
      "fraction_pos": [
        0.4941070337281378
      ],
      "mean_predicted": [
        0.48513006072771964
      ]
    }
  },
  "improvement": {
    "brier_delta": 0.016840602665830484,
    "ece_delta": 0.12956248798819864,
    "mce_delta": 0.12956248798819864
  },
  "train_site": "hungary",
  "test_site": "kaggle",
  "variant": "cfs"
}