{
  "experiment_type": "external_uci",
  "model": "xgb",
  "method": "platt",
  "split_mode": "holdout",
  "n_calibration": 100,
  "n_evaluation": 100,
  "metrics_before": {
    "brier_score": 0.2936967622344651,
    "ece": 0.2803678488731385,
    "mce": 0.722903847694397,
    "bin_details": [
      {
        "lo": 0.6000000000000001,
        "hi": 0.7000000000000001,
        "acc": 0.25,
        "conf": 0.6516777724027634,
        "n": 4
      },
      {
        "lo": 0.7000000000000001,
        "hi": 0.8,
        "acc": 0.0,
        "conf": 0.722903847694397,
        "n": 1
      },
      {
        "lo": 0.8,
        "hi": 0.9,
        "acc": 0.42857142857142855,
        "conf": 0.8634978745664869,
        "n": 14
      },
      {
        "lo": 0.9,
        "hi": 1.0,
        "acc": 0.7160493827160493,
        "conf": 0.9582493790873775,
        "n": 81
      }
    ],
    "calibration_curve": {
      "fraction_pos": [
        0.25,
        0.0,
        0.42857142857142855,
        0.7160493827160493
      ],
      "mean_predicted": [
        0.6516777724027634,
        0.722903847694397,
        0.8634978745664869,
        0.9582493790873775
      ]
    }
  },
  "metrics_after": {
    "brier_score": 0.26372571489085206,
    "ece": 0.19004403367298284,
    "mce": 0.19004403367298284,
    "bin_details": [
      {
        "lo": 0.8,
        "hi": 0.9,
        "acc": 0.65,
        "conf": 0.8400440336729829,
        "n": 100
      }
    ],
    "calibration_curve": {
      "fraction_pos": [
        0.65
      ],
      "mean_predicted": [
        0.8400440336729829
      ]
    }
  },
  "improvement": {
    "brier_delta": 0.029971047343613055,
    "ece_delta": 0.09032381520015564,
    "mce_delta": 0.5328598140214141
  },
  "train_sites": [
    "switzerland"
  ],
  "test_site": "va"
}