{
  "experiment_type": "external_uci",
  "model": "lr",
  "method": "platt",
  "split_mode": "holdout",
  "n_calibration": 151,
  "n_evaluation": 152,
  "metrics_before": {
    "brier_score": 0.407029555257047,
    "ece": 0.4198740674494166,
    "mce": 0.8585010351640864,
    "bin_details": [
      {
        "lo": 0.0,
        "hi": 0.1,
        "acc": 0.4166666666666667,
        "conf": 0.01993092424400987,
        "n": 144
      },
      {
        "lo": 0.1,
        "hi": 0.2,
        "acc": 1.0,
        "conf": 0.1414989648359136,
        "n": 7
      },
      {
        "lo": 0.30000000000000004,
        "hi": 0.4,
        "acc": 1.0,
        "conf": 0.3185959026998646,
        "n": 1
      }
    ],
    "calibration_curve": {
      "fraction_pos": [
        0.4166666666666667,
        1.0,
        1.0
      ],
      "mean_predicted": [
        0.01993092424400987,
        0.1414989648359136,
        0.3185959026998646
      ]
    }
  },
  "metrics_after": {
    "brier_score": 0.2397455842055895,
    "ece": 0.06984727209969142,
    "mce": 0.4707653334352657,
    "bin_details": [
      {
        "lo": 0.4,
        "hi": 0.5,
        "acc": 0.4166666666666667,
        "conf": 0.464240713136604,
        "n": 144
      },
      {
        "lo": 0.5,
        "hi": 0.6000000000000001,
        "acc": 1.0,
        "conf": 0.5292346665647343,
        "n": 8
      }
    ],
    "calibration_curve": {
      "fraction_pos": [
        0.4166666666666667,
        1.0
      ],
      "mean_predicted": [
        0.4642407131366039,
        0.5292346665647344
      ]
    }
  },
  "improvement": {
    "brier_delta": 0.16728397105145748,
    "ece_delta": 0.35002679534972514,
    "mce_delta": 0.38773570172882066
  },
  "train_sites": [
    "hungary"
  ],
  "test_site": "cleveland"
}