{
  "experiment_type": "external_uci",
  "model": "lgbm",
  "method": "platt",
  "split_mode": "holdout",
  "n_calibration": 100,
  "n_evaluation": 100,
  "metrics_before": {
    "brier_score": 0.3015059402523087,
    "ece": 0.2875103616458973,
    "mce": 0.42991825172490433,
    "bin_details": [
      {
        "lo": 0.6000000000000001,
        "hi": 0.7000000000000001,
        "acc": 0.3333333333333333,
        "conf": 0.6533087548269974,
        "n": 3
      },
      {
        "lo": 0.7000000000000001,
        "hi": 0.8,
        "acc": 0.3333333333333333,
        "conf": 0.7632515850582376,
        "n": 6
      },
      {
        "lo": 0.8,
        "hi": 0.9,
        "acc": 0.5714285714285714,
        "conf": 0.8478753042728727,
        "n": 7
      },
      {
        "lo": 0.9,
        "hi": 1.0,
        "acc": 0.6904761904761905,
        "conf": 0.9675770626172524,
        "n": 84
      }
    ],
    "calibration_curve": {
      "fraction_pos": [
        0.3333333333333333,
        0.3333333333333333,
        0.5714285714285714,
        0.6904761904761905
      ],
      "mean_predicted": [
        0.6533087548269974,
        0.7632515850582376,
        0.8478753042728727,
        0.9675770626172527
      ]
    }
  },
  "metrics_after": {
    "brier_score": 0.26406609868864356,
    "ece": 0.19023490022805611,
    "mce": 0.19023490022805611,
    "bin_details": [
      {
        "lo": 0.8,
        "hi": 0.9,
        "acc": 0.65,
        "conf": 0.8402349002280561,
        "n": 100
      }
    ],
    "calibration_curve": {
      "fraction_pos": [
        0.65
      ],
      "mean_predicted": [
        0.8402349002280561
      ]
    }
  },
  "improvement": {
    "brier_delta": 0.037439841563665144,
    "ece_delta": 0.09727546141784121,
    "mce_delta": 0.23968335149684822
  },
  "train_sites": [
    "switzerland"
  ],
  "test_site": "va"
}