{
  "train_sites": [
    "cleveland",
    "va",
    "switzerland"
  ],
  "test_site": "hungary",
  "model": "lgbm",
  "experiment_type": "external_uci",
  "n_train": 626,
  "n_test": 294,
  "K": 20,
  "metrics_mean": {
    "accuracy": 0.6688775510204081,
    "brier_score": 0.266104963391175,
    "ece": 0.25661252301924503,
    "f1": 0.6456362453446287,
    "mce": 0.5409655647805389,
    "n_test": 294.0,
    "pr_auc": 0.661719161124767,
    "precision": 0.5294148300659287,
    "prevalence": 0.3605442176870748,
    "recall": 0.8330188679245285,
    "roc_auc": 0.7935982035327178,
    "specificity": 0.5763297872340425
  },
  "metrics_std": {
    "accuracy": 0.04708248418180192,
    "brier_score": 0.03304791205849768,
    "ece": 0.045403512308361274,
    "f1": 0.03475098236392697,
    "mce": 0.09518351275835438,
    "n_test": 0.0,
    "pr_auc": 0.03891391171386943,
    "precision": 0.043266631866499615,
    "prevalence": 5.695323946259567e-17,
    "recall": 0.054504260686039405,
    "roc_auc": 0.025034360553479455,
    "specificity": 0.08175576448961101
  }
}