{
  "train_sites": [
    "cleveland",
    "va",
    "switzerland"
  ],
  "test_site": "hungary",
  "model": "xgb",
  "experiment_type": "external_uci",
  "n_train": 626,
  "n_test": 294,
  "K": 20,
  "metrics_mean": {
    "accuracy": 0.6528911564625851,
    "brier_score": 0.2741079702973366,
    "ece": 0.26226166144051416,
    "f1": 0.6392656369358185,
    "mce": 0.49766667272498355,
    "n_test": 294.0,
    "pr_auc": 0.6282921879548392,
    "precision": 0.5158764218567471,
    "prevalence": 0.3605442176870748,
    "recall": 0.8481132075471699,
    "roc_auc": 0.7740352769971899,
    "specificity": 0.5428191489361702
  },
  "metrics_std": {
    "accuracy": 0.05410167005917109,
    "brier_score": 0.04210869796975408,
    "ece": 0.05360432200274736,
    "f1": 0.03477060046623164,
    "mce": 0.07523601150717467,
    "n_test": 0.0,
    "pr_auc": 0.047120486240657615,
    "precision": 0.04483415351201936,
    "prevalence": 5.695323946259567e-17,
    "recall": 0.060282634235174444,
    "roc_auc": 0.031088918656809957,
    "specificity": 0.09956415167986302
  }
}