{
  "train_sites": [
    "kaggle"
  ],
  "test_site": "switzerland",
  "model": "lgbm",
  "experiment_type": "external_kaggle_uci",
  "n_train": 68726,
  "n_test": 123,
  "K": 20,
  "metrics_mean": {
    "accuracy": 0.5723577235772359,
    "brier_score": 0.30286274253155904,
    "ece": 0.3868865932363928,
    "f1": 0.7115061435173311,
    "mce": 0.868192309240702,
    "n_test": 123.0,
    "pr_auc": 0.940965652480487,
    "precision": 0.9437400473313897,
    "prevalence": 0.9349593495934958,
    "recall": 0.5760869565217391,
    "roc_auc": 0.5502445652173913,
    "specificity": 0.51875
  },
  "metrics_std": {
    "accuracy": 0.08985390291723278,
    "brier_score": 0.05759701336168457,
    "ece": 0.06492793016498428,
    "f1": 0.07704495120811687,
    "mce": 0.053012674285389055,
    "n_test": 0.0,
    "pr_auc": 0.012180423476456415,
    "precision": 0.014539184688960148,
    "prevalence": 1.1390647892519134e-16,
    "recall": 0.09583402725557288,
    "roc_auc": 0.06560678825667876,
    "specificity": 0.09314497754632434
  }
}