{
  "train_sites": [
    "kaggle"
  ],
  "test_site": "switzerland",
  "model": "lr",
  "experiment_type": "external_kaggle_uci",
  "n_train": 68726,
  "n_test": 123,
  "K": 20,
  "metrics_mean": {
    "accuracy": 0.5634146341463413,
    "brier_score": 0.28373461847816117,
    "ece": 0.39487353008684994,
    "f1": 0.7043669435674905,
    "mce": 0.8187158894403825,
    "n_test": 123.0,
    "pr_auc": 0.9366013708346633,
    "precision": 0.9411160163024569,
    "prevalence": 0.9349593495934958,
    "recall": 0.568695652173913,
    "roc_auc": 0.554021739130435,
    "specificity": 0.4875
  },
  "metrics_std": {
    "accuracy": 0.083791543209541,
    "brier_score": 0.04950377846330108,
    "ece": 0.051282273094053255,
    "f1": 0.07576136695258437,
    "mce": 0.0654369403581926,
    "n_test": 0.0,
    "pr_auc": 0.003919043311960979,
    "precision": 0.0042527661964951,
    "prevalence": 1.1390647892519134e-16,
    "recall": 0.0958973350815014,
    "roc_auc": 0.004784948460326733,
    "specificity": 0.09850861570655155
  }
}