{
  "train_sites": [
    "kaggle"
  ],
  "test_site": "switzerland",
  "model": "xgb",
  "experiment_type": "external_kaggle_uci",
  "n_train": 68726,
  "n_test": 123,
  "K": 20,
  "metrics_mean": {
    "accuracy": 0.5691056910569106,
    "brier_score": 0.357543858140707,
    "ece": 0.3962810835551198,
    "f1": 0.7085221579469572,
    "mce": 0.8920160147965005,
    "n_test": 123.0,
    "pr_auc": 0.9405142121232737,
    "precision": 0.9459939532180488,
    "prevalence": 0.9349593495934958,
    "recall": 0.5721739130434782,
    "roc_auc": 0.5513043478260871,
    "specificity": 0.525
  },
  "metrics_std": {
    "accuracy": 0.08147179282476216,
    "brier_score": 0.07522595169081545,
    "ece": 0.07768731580650362,
    "f1": 0.07328915651928718,
    "mce": 0.02439640211639636,
    "n_test": 0.0,
    "pr_auc": 0.016729579903274828,
    "precision": 0.012381143096279792,
    "prevalence": 1.1390647892519134e-16,
    "recall": 0.09423117571256089,
    "roc_auc": 0.07801444645280628,
    "specificity": 0.15496179495197143
  }
}