{
  "experiment_type": "external_kaggle_uci",
  "model": "lr",
  "calibration_metrics": {
    "brier_score": 0.275753232492636,
    "ece": 0.18323254282602622,
    "mce": 0.5005852935199471,
    "bin_details": [
      {
        "lo": 0.5,
        "hi": 0.6000000000000001,
        "acc": 0.09230769230769231,
        "conf": 0.5928929858276394,
        "n": 1430
      },
      {
        "lo": 0.6000000000000001,
        "hi": 0.7000000000000001,
        "acc": 0.4759822491611646,
        "conf": 0.6554833412141792,
        "n": 46195
      },
      {
        "lo": 0.7000000000000001,
        "hi": 0.8,
        "acc": 0.5628495591999242,
        "conf": 0.7327493902553607,
        "n": 21098
      },
      {
        "lo": 0.8,
        "hi": 0.9,
        "acc": 0.6666666666666666,
        "conf": 0.8010618437829402,
        "n": 3
      }
    ],
    "calibration_curve": {
      "fraction_pos": [
        0.09230769230769231,
        0.4759822491611646,
        0.5628495591999242,
        0.6666666666666666
      ],
      "mean_predicted": [
        0.5928929858276389,
        0.6554833412141654,
        0.7327493902553689,
        0.8010618437829402
      ]
    }
  },
  "n": 68726,
  "train_site": "va",
  "test_site": "kaggle",
  "variant": "cfs",
  "flags": {
    "ece_moderate": true,
    "ece_severe": true,
    "mce_large": true
  }
}