{
  "train_sites": [
    "kaggle"
  ],
  "test_site": "va",
  "model": "rf",
  "experiment_type": "external_kaggle_uci",
  "n_train": 68726,
  "n_test": 200,
  "K": 20,
  "metrics_mean": {
    "accuracy": 0.60375,
    "brier_score": 0.2898870640709067,
    "ece": 0.255159875025042,
    "f1": 0.7067315684203092,
    "mce": 0.6474971769895849,
    "n_test": 200.0,
    "pr_auc": 0.7855800282939768,
    "precision": 0.7755121267313807,
    "prevalence": 0.7449999999999999,
    "recall": 0.6600671140939597,
    "roc_auc": 0.5760165811290959,
    "specificity": 0.43921568627450985
  },
  "metrics_std": {
    "accuracy": 0.0642543260882303,
    "brier_score": 0.05658734895775753,
    "ece": 0.06999837809705414,
    "f1": 0.08022212051014342,
    "mce": 0.08597327941256327,
    "n_test": 0.0,
    "pr_auc": 0.02689402434523801,
    "precision": 0.019838418533852414,
    "prevalence": 1.1390647892519134e-16,
    "recall": 0.11712424008623636,
    "roc_auc": 0.03935525082104019,
    "specificity": 0.11650633761432898
  }
}