{
  "experiment_type": "external_uci",
  "train_sites": [
    "hungary"
  ],
  "test_site": "switzerland",
  "model": "lr",
  "features_used": [
    "age",
    "sex",
    "cp",
    "trestbps",
    "exang",
    "oldpeak"
  ],
  "n_train": 294,
  "n_test": 123,
  "best_params": {
    "C": 0.001
  },
  "metrics": {
    "roc_auc": 0.7619565217391304,
    "pr_auc": 0.9716967791781952,
    "brier_score": 0.35077212675249614,
    "accuracy": 0.06504065040650407,
    "f1": 0.0,
    "precision": 0.0,
    "recall": 0.0,
    "specificity": 1.0,
    "confusion_matrix": [
      [
        8,
        0
      ],
      [
        115,
        0
      ]
    ],
    "n_test": 123,
    "prevalence": 0.9349593495934959,
    "ece": 0.5418725193861315,
    "mce": 0.5453662292116002
  },
  "bootstrap_cis": {
    "roc_auc": {
      "point": 0.7619565217391304,
      "ci_lower": 0.4979154838440344,
      "ci_upper": 0.9753115348703584
    },
    "pr_auc": {
      "point": 0.9716967791781952,
      "ci_lower": 0.9347190746920789,
      "ci_upper": 0.9988471024250056
    },
    "brier_score": {
      "point": 0.35077212675249614,
      "ci_lower": 0.33757809574296194,
      "ci_upper": 0.3623108516902162
    },
    "accuracy": {
      "point": 0.06504065040650407,
      "ci_lower": 0.024390243902439025,
      "ci_upper": 0.11382113821138211
    },
    "ece": {
      "point": 0.5418725193861315,
      "ci_lower": 0.4973427647049605,
      "ci_upper": 0.5791022352895063
    }
  }
}