{
  "experiment_type": "internal",
  "site": "va",
  "model": "lgbm",
  "features_used": [
    "age",
    "sex",
    "cp",
    "trestbps",
    "chol",
    "fbs",
    "restecg",
    "thalach",
    "exang",
    "oldpeak",
    "slope",
    "ca"
  ],
  "n_train": 160,
  "n_test": 40,
  "best_params": {
    "num_leaves": 15,
    "max_depth": 3,
    "learning_rate": 0.01
  },
  "metrics": {
    "roc_auc": 0.6466666666666667,
    "pr_auc": 0.8396382256743449,
    "brier_score": 0.1733004173421729,
    "accuracy": 0.775,
    "f1": 0.8656716417910447,
    "precision": 0.7837837837837838,
    "recall": 0.9666666666666667,
    "specificity": 0.2,
    "confusion_matrix": [
      [
        2,
        8
      ],
      [
        1,
        29
      ]
    ],
    "n_test": 40,
    "prevalence": 0.75,
    "ece": 0.07900829432922857,
    "mce": 0.18762327992682992
  },
  "bootstrap_cis": {
    "roc_auc": {
      "point": 0.6466666666666667,
      "ci_lower": 0.3882525481630824,
      "ci_upper": 0.8683389191453705
    },
    "pr_auc": {
      "point": 0.8396382256743449,
      "ci_lower": 0.6959213679323133,
      "ci_upper": 0.9681400049383782
    },
    "brier_score": {
      "point": 0.1733004173421729,
      "ci_lower": 0.10478254662759552,
      "ci_upper": 0.2507650871971373
    },
    "accuracy": {
      "point": 0.775,
      "ci_lower": 0.625,
      "ci_upper": 0.9
    },
    "ece": {
      "point": 0.07900829432922857,
      "ci_lower": 0.06757696947109933,
      "ci_upper": 0.25159435600163416
    }
  },
  "timestamp": "2026-03-01T22:55:27Z",
  "config_hash": "93bf3a3395d35eb1"
}