{
  "experiment_type": "internal_cfs",
  "variant": "cfs",
  "site": "va",
  "model": "xgb",
  "features_used": [
    "age",
    "sex",
    "sys_bp"
  ],
  "metrics": {
    "roc_auc": 0.6649999999999999,
    "pr_auc": 0.8649033318145226,
    "brier_score": 0.1706741899251938,
    "accuracy": 0.775,
    "f1": 0.8656716417910447,
    "precision": 0.7837837837837838,
    "recall": 0.9666666666666667,
    "specificity": 0.2,
    "confusion_matrix": [
      [
        2,
        8
      ],
      [
        1,
        29
      ]
    ],
    "n_test": 40,
    "prevalence": 0.75,
    "ece": 0.05828369185328484,
    "mce": 0.395658403635025
  },
  "bootstrap_cis": {
    "roc_auc": {
      "point": 0.6649999999999999,
      "ci_lower": 0.4253718652037618,
      "ci_upper": 0.8587901412524257
    },
    "pr_auc": {
      "point": 0.8649033318145226,
      "ci_lower": 0.7328094543746484,
      "ci_upper": 0.9647822924208825
    },
    "brier_score": {
      "point": 0.1706741899251938,
      "ci_lower": 0.11386124268174172,
      "ci_upper": 0.23695798516273497
    },
    "accuracy": {
      "point": 0.775,
      "ci_lower": 0.65,
      "ci_upper": 0.9
    },
    "ece": {
      "point": 0.05828369185328484,
      "ci_lower": 0.0625123287551105,
      "ci_upper": 0.22576890854164955
    }
  },
  "best_params": {
    "subsample": 1.0,
    "max_depth": 3,
    "learning_rate": 0.01
  },
  "cfs_penalty": {
    "full_auc": 0.6933333333333334,
    "cfs_auc": 0.6649999999999999,
    "auc_drop": 0.028333333333333433,
    "relative_drop_pct": 4.086538461538476
  },
  "timestamp": "2026-03-01T23:10:18Z",
  "config_hash": "93bf3a3395d35eb1"
}