{
  "experiment_type": "external_kaggle_uci",
  "train_site": "kaggle",
  "test_site": "cleveland",
  "model": "lr",
  "features_used": [
    "age",
    "sex",
    "sys_bp"
  ],
  "include_cholesterol": false,
  "n_train": 68726,
  "n_test": 303,
  "best_params": {
    "C": 1
  },
  "metrics": {
    "roc_auc": 0.6173012809264783,
    "pr_auc": 0.5710642082220911,
    "brier_score": 0.2712687788211046,
    "accuracy": 0.5808580858085809,
    "f1": 0.5993690851735016,
    "precision": 0.5337078651685393,
    "recall": 0.6834532374100719,
    "specificity": 0.49390243902439024,
    "confusion_matrix": [
      [
        81,
        83
      ],
      [
        44,
        95
      ]
    ],
    "n_test": 303,
    "prevalence": 0.45874587458745875,
    "ece": 0.16166942259215136,
    "mce": 0.34245105522045394
  },
  "bootstrap_cis": {
    "roc_auc": {
      "point": 0.6173012809264783,
      "ci_lower": 0.553988675157563,
      "ci_upper": 0.6635090427171172
    },
    "pr_auc": {
      "point": 0.5710642082220911,
      "ci_lower": 0.5004019164974126,
      "ci_upper": 0.6662348788295961
    },
    "brier_score": {
      "point": 0.2712687788211046,
      "ci_lower": 0.24894110038514694,
      "ci_upper": 0.3012725595221075
    },
    "accuracy": {
      "point": 0.5808580858085809,
      "ci_lower": 0.5346534653465347,
      "ci_upper": 0.6388613861386138
    },
    "ece": {
      "point": 0.16166942259215136,
      "ci_lower": 0.12516727266349176,
      "ci_upper": 0.22733733731527955
    }
  }
}