{
  "experiment_type": "internal",
  "site": "hungary",
  "model": "lr",
  "best_params": {
    "C": 0.1
  },
  "metrics": {
    "roc_auc": 0.8721804511278195,
    "pr_auc": 0.8334170595200008,
    "brier_score": 0.13262047058724433,
    "accuracy": 0.847457627118644,
    "f1": 0.7692307692307693,
    "precision": 0.8333333333333334,
    "recall": 0.7142857142857143,
    "specificity": 0.9210526315789473,
    "confusion_matrix": [
      [
        35,
        3
      ],
      [
        6,
        15
      ]
    ],
    "n_test": 59,
    "prevalence": 0.3559322033898305,
    "ece": 0.15651926017851928,
    "mce": 0.5276695304581527
  },
  "bootstrap_cis": {
    "roc_auc": {
      "point": 0.8721804511278195,
      "ci_lower": 0.7618910256410257,
      "ci_upper": 0.9510992661321609
    },
    "pr_auc": {
      "point": 0.8334170595200008,
      "ci_lower": 0.6639581364927883,
      "ci_upper": 0.941596052959847
    },
    "brier_score": {
      "point": 0.13262047058724433,
      "ci_lower": 0.07575657985931505,
      "ci_upper": 0.19275800430106363
    },
    "accuracy": {
      "point": 0.847457627118644,
      "ci_lower": 0.7538135593220339,
      "ci_upper": 0.9322033898305084
    },
    "ece": {
      "point": 0.15651926017851928,
      "ci_lower": 0.11022052935965237,
      "ci_upper": 0.2517744043947475
    }
  }
}