{
  "train_sites": [
    "kaggle"
  ],
  "test_site": "hungary",
  "model": "lr",
  "experiment_type": "external_kaggle_uci",
  "n_train": 68726,
  "n_test": 294,
  "K": 20,
  "metrics_mean": {
    "accuracy": 0.5857142857142856,
    "brier_score": 0.27289070356470113,
    "ece": 0.20290515201202738,
    "f1": 0.5135400672076388,
    "mce": 0.4458055825869248,
    "n_test": 294.0,
    "pr_auc": 0.4777392626689158,
    "precision": 0.4459503769227052,
    "prevalence": 0.3605442176870748,
    "recall": 0.6080188679245283,
    "roc_auc": 0.6084403853873945,
    "specificity": 0.5731382978723404
  },
  "metrics_std": {
    "accuracy": 0.016090609569770025,
    "brier_score": 0.014955586533330926,
    "ece": 0.03154650848277125,
    "f1": 0.018571747581709375,
    "mce": 0.05553334982152971,
    "n_test": 0.0,
    "pr_auc": 0.015210340669426453,
    "precision": 0.014082465776136545,
    "prevalence": 5.695323946259567e-17,
    "recall": 0.05015153817579413,
    "roc_auc": 0.016108626392495475,
    "specificity": 0.04436495136886371
  }
}