{
  "experiment_type": "internal_cfs",
  "variant": "cfs",
  "site": "hungary",
  "model": "lgbm",
  "features_used": [
    "age",
    "sex",
    "sys_bp"
  ],
  "metrics": {
    "roc_auc": 0.6253132832080199,
    "pr_auc": 0.5198914041994657,
    "brier_score": 0.22543636959342275,
    "accuracy": 0.6101694915254238,
    "f1": 0.43902439024390244,
    "precision": 0.45,
    "recall": 0.42857142857142855,
    "specificity": 0.7105263157894737,
    "confusion_matrix": [
      [
        27,
        11
      ],
      [
        12,
        9
      ]
    ],
    "n_test": 59,
    "prevalence": 0.3559322033898305,
    "ece": 0.10514585564122157,
    "mce": 0.4267263494014654
  },
  "bootstrap_cis": {
    "roc_auc": {
      "point": 0.6253132832080199,
      "ci_lower": 0.4574048699048699,
      "ci_upper": 0.7894833119383824
    },
    "pr_auc": {
      "point": 0.5198914041994657,
      "ci_lower": 0.3221017735556257,
      "ci_upper": 0.7326280409485807
    },
    "brier_score": {
      "point": 0.22543636959342275,
      "ci_lower": 0.16567264317914257,
      "ci_upper": 0.29093222273052466
    },
    "accuracy": {
      "point": 0.6101694915254238,
      "ci_lower": 0.4915254237288136,
      "ci_upper": 0.7288135593220338
    },
    "ece": {
      "point": 0.10514585564122157,
      "ci_lower": 0.08041132179520814,
      "ci_upper": 0.26162509940194517
    }
  },
  "best_params": {
    "num_leaves": 63,
    "max_depth": 7,
    "learning_rate": 0.01
  },
  "cfs_penalty": {
    "full_auc": 0.9016290726817042,
    "cfs_auc": 0.6253132832080199,
    "auc_drop": 0.2763157894736843,
    "relative_drop_pct": 30.64628214037527
  }
}