{
  "experiment_type": "internal",
  "site": "cleveland",
  "model": "xgb",
  "best_params": {
    "learning_rate": 0.01,
    "max_depth": 3,
    "subsample": 0.7
  },
  "metrics": {
    "roc_auc": 0.9491341991341992,
    "pr_auc": 0.9414293851069321,
    "brier_score": 0.09634587913751602,
    "accuracy": 0.8852459016393442,
    "f1": 0.8771929824561403,
    "precision": 0.8620689655172413,
    "recall": 0.8928571428571429,
    "specificity": 0.8787878787878788,
    "confusion_matrix": [
      [
        29,
        4
      ],
      [
        3,
        25
      ]
    ],
    "n_test": 61,
    "prevalence": 0.45901639344262296,
    "ece": 0.11785230736752025,
    "mce": 0.4026866555213928
  },
  "bootstrap_cis": {
    "roc_auc": {
      "point": 0.9491341991341992,
      "ci_lower": 0.8927847985347985,
      "ci_upper": 0.988457004475311
    },
    "pr_auc": {
      "point": 0.9414293851069321,
      "ci_lower": 0.8699814034943345,
      "ci_upper": 0.988005569606367
    },
    "brier_score": {
      "point": 0.09634587913751602,
      "ci_lower": 0.06149094682186842,
      "ci_upper": 0.13798402361571785
    },
    "accuracy": {
      "point": 0.8852459016393442,
      "ci_lower": 0.8032786885245902,
      "ci_upper": 0.9508196721311475
    },
    "ece": {
      "point": 0.11785230736752025,
      "ci_lower": 0.09665019299651756,
      "ci_upper": 0.20172734188801442
    }
  }
}