{
  "experiment_type": "internal",
  "site": "cleveland",
  "model": "rf",
  "best_params": {
    "max_depth": 5,
    "min_samples_leaf": 10
  },
  "metrics": {
    "roc_auc": 0.9696969696969697,
    "pr_auc": 0.9658685663642489,
    "brier_score": 0.10404640383031362,
    "accuracy": 0.9180327868852459,
    "f1": 0.9152542372881356,
    "precision": 0.8709677419354839,
    "recall": 0.9642857142857143,
    "specificity": 0.8787878787878788,
    "confusion_matrix": [
      [
        29,
        4
      ],
      [
        1,
        27
      ]
    ],
    "n_test": 61,
    "prevalence": 0.45901639344262296,
    "ece": 0.1850995807018776,
    "mce": 0.4495212780799454
  },
  "bootstrap_cis": {
    "roc_auc": {
      "point": 0.9696969696969697,
      "ci_lower": 0.9283263305322128,
      "ci_upper": 0.9978361093541359
    },
    "pr_auc": {
      "point": 0.9658685663642489,
      "ci_lower": 0.9128847579716453,
      "ci_upper": 0.9975955367810206
    },
    "brier_score": {
      "point": 0.10404640383031362,
      "ci_lower": 0.07907965257765365,
      "ci_upper": 0.1302136124798788
    },
    "accuracy": {
      "point": 0.9180327868852459,
      "ci_lower": 0.8360655737704918,
      "ci_upper": 0.9836065573770492
    },
    "ece": {
      "point": 0.1850995807018776,
      "ci_lower": 0.14785047696074607,
      "ci_upper": 0.25467819413378784
    }
  }
}