{
  "experiment_type": "internal_cfs",
  "variant": "cfs",
  "site": "hungary",
  "model": "rf",
  "features_used": [
    "age",
    "sex",
    "sys_bp"
  ],
  "metrics": {
    "roc_auc": 0.6159147869674185,
    "pr_auc": 0.5180889645365601,
    "brier_score": 0.2411703261929692,
    "accuracy": 0.6271186440677966,
    "f1": 0.5217391304347826,
    "precision": 0.48,
    "recall": 0.5714285714285714,
    "specificity": 0.6578947368421053,
    "confusion_matrix": [
      [
        25,
        13
      ],
      [
        9,
        12
      ]
    ],
    "n_test": 59,
    "prevalence": 0.3559322033898305,
    "ece": 0.1464349202013804,
    "mce": 0.3292653270611246
  },
  "bootstrap_cis": {
    "roc_auc": {
      "point": 0.6159147869674185,
      "ci_lower": 0.4524926470588235,
      "ci_upper": 0.7736451048951049
    },
    "pr_auc": {
      "point": 0.5180889645365601,
      "ci_lower": 0.327871008636809,
      "ci_upper": 0.7362496920827174
    },
    "brier_score": {
      "point": 0.2411703261929692,
      "ci_lower": 0.19701062474622347,
      "ci_upper": 0.2853387991710861
    },
    "accuracy": {
      "point": 0.6271186440677966,
      "ci_lower": 0.5084745762711864,
      "ci_upper": 0.7288135593220338
    },
    "ece": {
      "point": 0.1464349202013804,
      "ci_lower": 0.11097821509326997,
      "ci_upper": 0.28722858259408474
    }
  },
  "best_params": {
    "max_depth": 5,
    "min_samples_leaf": 10
  },
  "cfs_penalty": {
    "full_auc": 0.8834586466165414,
    "cfs_auc": 0.6159147869674185,
    "auc_drop": 0.26754385964912286,
    "relative_drop_pct": 30.283687943262414
  }
}