{
  "experiment_type": "internal",
  "site": "va",
  "model": "xgb",
  "features_used": [
    "age",
    "sex",
    "cp",
    "trestbps",
    "chol",
    "fbs",
    "restecg",
    "thalach",
    "exang",
    "oldpeak",
    "slope",
    "ca"
  ],
  "n_train": 160,
  "n_test": 40,
  "best_params": {
    "subsample": 0.7,
    "max_depth": 3,
    "learning_rate": 0.01
  },
  "metrics": {
    "roc_auc": 0.6933333333333334,
    "pr_auc": 0.8607095963929616,
    "brier_score": 0.15462997555732727,
    "accuracy": 0.8,
    "f1": 0.8787878787878788,
    "precision": 0.8055555555555556,
    "recall": 0.9666666666666667,
    "specificity": 0.3,
    "confusion_matrix": [
      [
        3,
        7
      ],
      [
        1,
        29
      ]
    ],
    "n_test": 40,
    "prevalence": 0.75,
    "ece": 0.1403843693435192,
    "mce": 0.3738043010234833
  },
  "bootstrap_cis": {
    "roc_auc": {
      "point": 0.6933333333333334,
      "ci_lower": 0.4281015625,
      "ci_upper": 0.9141424005681816
    },
    "pr_auc": {
      "point": 0.8607095963929616,
      "ci_lower": 0.7247042818853859,
      "ci_upper": 0.9701343533105135
    },
    "brier_score": {
      "point": 0.15462997555732727,
      "ci_lower": 0.08691007662564516,
      "ci_upper": 0.23102686069905753
    },
    "accuracy": {
      "point": 0.8,
      "ci_lower": 0.6618750000000001,
      "ci_upper": 0.9
    },
    "ece": {
      "point": 0.1403843693435192,
      "ci_lower": 0.09634741315618157,
      "ci_upper": 0.2719138689152896
    }
  },
  "timestamp": "2026-03-01T22:55:16Z",
  "config_hash": "93bf3a3395d35eb1"
}