{
  "experiment_type": "external_kaggle_uci",
  "variant": "cfs",
  "train_site": "kaggle",
  "test_site": "va",
  "model": "lgbm",
  "features_used": [
    "age",
    "sex",
    "sys_bp"
  ],
  "include_cholesterol": false,
  "n_train": 68726,
  "n_test": 200,
  "best_params": {
    "num_leaves": 15,
    "max_depth": 3,
    "learning_rate": 0.05
  },
  "metrics": {
    "roc_auc": 0.6223845242795105,
    "pr_auc": 0.8093985806022871,
    "brier_score": 0.27339821916248097,
    "accuracy": 0.555,
    "f1": 0.642570281124498,
    "precision": 0.8,
    "recall": 0.5369127516778524,
    "specificity": 0.6078431372549019,
    "confusion_matrix": [
      [
        31,
        20
      ],
      [
        69,
        80
      ]
    ],
    "n_test": 200,
    "prevalence": 0.745,
    "ece": 0.2503624883035668,
    "mce": 0.4785426908243181
  },
  "bootstrap_cis": {
    "roc_auc": {
      "point": 0.6223845242795105,
      "ci_lower": 0.5350631173448114,
      "ci_upper": 0.707070610837167
    },
    "pr_auc": {
      "point": 0.8093985806022871,
      "ci_lower": 0.7415704019807162,
      "ci_upper": 0.8781876490646385
    },
    "brier_score": {
      "point": 0.27339821916248097,
      "ci_lower": 0.2418447266137198,
      "ci_upper": 0.31072785384469903
    },
    "accuracy": {
      "point": 0.555,
      "ci_lower": 0.48,
      "ci_upper": 0.62
    },
    "ece": {
      "point": 0.2503624883035668,
      "ci_lower": 0.19940422799481075,
      "ci_upper": 0.3150089795551266
    }
  }
}