{
  "train_sites": [
    "hungary"
  ],
  "test_site": "switzerland",
  "model": "xgb",
  "experiment_type": "external_uci",
  "n_train": 294,
  "n_test": 123,
  "K": 20,
  "metrics_mean": {
    "accuracy": 0.625609756097561,
    "brier_score": 0.2874035708606243,
    "ece": 0.3422204405917384,
    "f1": 0.753121771866395,
    "mce": 0.8409131972742065,
    "n_test": 123.0,
    "pr_auc": 0.9706083895445478,
    "precision": 0.9620595011102753,
    "prevalence": 0.9349593495934958,
    "recall": 0.6234782608695653,
    "roc_auc": 0.7316576086956522,
    "specificity": 0.65625
  },
  "metrics_std": {
    "accuracy": 0.08837337160987048,
    "brier_score": 0.07183912474728923,
    "ece": 0.07687612092462524,
    "f1": 0.07247734014428953,
    "mce": 0.04131522538736296,
    "n_test": 0.0,
    "pr_auc": 0.006708369409753572,
    "precision": 0.014036792250662341,
    "prevalence": 1.1390647892519134e-16,
    "recall": 0.09301973648630966,
    "roc_auc": 0.050786299117399625,
    "specificity": 0.09829968945713115
  }
}