{
  "experiment_type": "external_uci",
  "train_sites": [
    "cleveland",
    "hungary",
    "va"
  ],
  "test_site": "switzerland",
  "model": "xgb",
  "features_used": [
    "age",
    "sex",
    "cp",
    "trestbps",
    "exang",
    "oldpeak"
  ],
  "n_train": 797,
  "n_test": 123,
  "best_params": {
    "subsample": 0.7,
    "max_depth": 3,
    "learning_rate": 0.01
  },
  "metrics": {
    "roc_auc": 0.7608695652173914,
    "pr_auc": 0.9716893966315115,
    "brier_score": 0.18310114741325378,
    "accuracy": 0.6747967479674797,
    "f1": 0.7959183673469388,
    "precision": 0.9629629629629629,
    "recall": 0.6782608695652174,
    "specificity": 0.625,
    "confusion_matrix": [
      [
        5,
        3
      ],
      [
        37,
        78
      ]
    ],
    "n_test": 123,
    "prevalence": 0.9349593495934959,
    "ece": 0.32107753021930296,
    "mce": 0.6363535523414612
  },
  "bootstrap_cis": {
    "roc_auc": {
      "point": 0.7608695652173914,
      "ci_lower": 0.48967671060891405,
      "ci_upper": 0.969725975975976
    },
    "pr_auc": {
      "point": 0.9716893966315115,
      "ci_lower": 0.934769617677158,
      "ci_upper": 0.9984256539855664
    },
    "brier_score": {
      "point": 0.18310114741325378,
      "ci_lower": 0.15150168873369693,
      "ci_upper": 0.21555984541773793
    },
    "accuracy": {
      "point": 0.6747967479674797,
      "ci_lower": 0.5892276422764228,
      "ci_upper": 0.7560975609756098
    },
    "ece": {
      "point": 0.32107753021930296,
      "ci_lower": 0.27183515796877017,
      "ci_upper": 0.36597391108005506
    }
  },
  "timestamp": "2026-03-01T23:05:09Z",
  "config_hash": "93bf3a3395d35eb1"
}